-- Automated Export for PostgreSQL --

BEGIN;

TRUNCATE TABLE winners RESTART IDENTITY CASCADE;
TRUNCATE TABLE contest_sessions RESTART IDENTITY CASCADE;
TRUNCATE TABLE contest_settings RESTART IDENTITY CASCADE;
TRUNCATE TABLE votes RESTART IDENTITY CASCADE;
TRUNCATE TABLE bloggers RESTART IDENTITY CASCADE;
TRUNCATE TABLE admin_logs RESTART IDENTITY CASCADE;
TRUNCATE TABLE banners RESTART IDENTITY CASCADE;
TRUNCATE TABLE promo_codes RESTART IDENTITY CASCADE;
TRUNCATE TABLE payments RESTART IDENTITY CASCADE;
TRUNCATE TABLE categories RESTART IDENTITY CASCADE;
TRUNCATE TABLE countries RESTART IDENTITY CASCADE;
TRUNCATE TABLE sponsors RESTART IDENTITY CASCADE;
TRUNCATE TABLE users RESTART IDENTITY CASCADE;

INSERT INTO users (id, phone, username, password_hash, country, role, is_active, is_blocked, device_id, coins, created_at, updated_at, last_login) VALUES (1, '+998901234567', 'admin', '$2b$12$KIL2hM4v9xBzG1ycvu5WruR65ZkHcaAdhtu/2LaINqmmv.GAMbYTm', 'UZ', 'ADMIN', 1, 0, NULL, 0, '2026-03-16 19:34:15.137917', '2026-03-24 13:18:28.365312', '2026-03-24 13:18:28.363057');
INSERT INTO users (id, phone, username, password_hash, country, role, is_active, is_blocked, device_id, coins, created_at, updated_at, last_login) VALUES (2, '+998901111111', NULL, NULL, 'UZ', 'USER', 1, 0, NULL, 0, '2026-03-16 19:34:15.140906', '2026-03-16 20:02:23.617159', '2026-03-16 20:02:23.608350');
INSERT INTO users (id, phone, username, password_hash, country, role, is_active, is_blocked, device_id, coins, created_at, updated_at, last_login) VALUES (3, '+998902222222', NULL, NULL, 'UZ', 'USER', 1, 0, NULL, 0, '2026-03-16 19:34:15.140910', '2026-03-16 19:34:15.140910', NULL);
INSERT INTO users (id, phone, username, password_hash, country, role, is_active, is_blocked, device_id, coins, created_at, updated_at, last_login) VALUES (4, '+998903333333', NULL, NULL, 'UZ', 'USER', 1, 0, NULL, 0, '2026-03-16 19:34:15.140912', '2026-03-16 19:34:15.140912', NULL);
INSERT INTO users (id, phone, username, password_hash, country, role, is_active, is_blocked, device_id, coins, created_at, updated_at, last_login) VALUES (5, '+998904444444', NULL, NULL, 'UZ', 'USER', 1, 0, NULL, 0, '2026-03-16 19:34:15.140914', '2026-03-16 19:34:15.140914', NULL);
INSERT INTO users (id, phone, username, password_hash, country, role, is_active, is_blocked, device_id, coins, created_at, updated_at, last_login) VALUES (6, '+998905555555', NULL, NULL, 'UZ', 'USER', 1, 0, NULL, 0, '2026-03-16 19:34:15.140915', '2026-03-16 19:34:15.140916', NULL);
INSERT INTO users (id, phone, username, password_hash, country, role, is_active, is_blocked, device_id, coins, created_at, updated_at, last_login) VALUES (7, '+998906666666', NULL, NULL, 'UZ', 'USER', 1, 0, NULL, 0, '2026-03-16 19:34:15.140917', '2026-03-16 19:34:15.140918', NULL);
INSERT INTO users (id, phone, username, password_hash, country, role, is_active, is_blocked, device_id, coins, created_at, updated_at, last_login) VALUES (8, '+998907777777', NULL, NULL, 'UZ', 'USER', 1, 0, NULL, 0, '2026-03-16 19:34:15.140918', '2026-03-16 19:34:15.140919', NULL);
INSERT INTO users (id, phone, username, password_hash, country, role, is_active, is_blocked, device_id, coins, created_at, updated_at, last_login) VALUES (9, '+998908888888', NULL, NULL, 'UZ', 'USER', 1, 0, NULL, 0, '2026-03-16 19:34:15.140920', '2026-03-16 19:34:15.140921', NULL);
INSERT INTO users (id, phone, username, password_hash, country, role, is_active, is_blocked, device_id, coins, created_at, updated_at, last_login) VALUES (10, '+998909999999', NULL, NULL, 'UZ', 'USER', 1, 0, NULL, 0, '2026-03-16 19:34:15.140922', '2026-03-16 19:34:15.140923', NULL);
INSERT INTO users (id, phone, username, password_hash, country, role, is_active, is_blocked, device_id, coins, created_at, updated_at, last_login) VALUES (11, '+998911111111', NULL, NULL, 'UZ', 'USER', 1, 0, NULL, 0, '2026-03-16 19:34:15.140924', '2026-03-16 19:34:15.140924', NULL);
INSERT INTO users (id, phone, username, password_hash, country, role, is_active, is_blocked, device_id, coins, created_at, updated_at, last_login) VALUES (12, '+998930025706', NULL, NULL, NULL, 'USER', 1, 0, NULL, 0, '2026-03-16 19:59:41.418788', '2026-03-30 06:11:51.796368', '2026-03-30 06:11:51.750314');
INSERT INTO users (id, phone, username, password_hash, country, role, is_active, is_blocked, device_id, coins, created_at, updated_at, last_login) VALUES (13, '+998930025702', NULL, NULL, NULL, 'USER', 1, 0, NULL, 0, '2026-03-30 06:12:27.454329', '2026-03-30 06:12:27.463043', '2026-03-30 06:12:27.461664');

INSERT INTO sponsors (id, name, logo_url, website_url, is_active, created_at, name_uz, name_en) VALUES (1, 'TechCorp', '/uploads/sponsors/techcorp.png', 'https://techcorp.uz', 1, '2026-03-16 19:34:15.154592', NULL, NULL);
INSERT INTO sponsors (id, name, logo_url, website_url, is_active, created_at, name_uz, name_en) VALUES (2, 'MediaGroup', '/uploads/sponsors/mediagroup.png', 'https://mediagroup.uz', 1, '2026-03-16 19:34:15.154596', NULL, NULL);
INSERT INTO sponsors (id, name, logo_url, website_url, is_active, created_at, name_uz, name_en) VALUES (3, 'DigitalWave', '/uploads/sponsors/digitalwave.png', 'https://digitalwave.uz', 1, '2026-03-16 19:34:15.154597', NULL, NULL);

INSERT INTO countries (id, code, name, flag_emoji, is_active) VALUES (1, 'UZ', 'Узбекистан', '🇺🇿', 1);
INSERT INTO countries (id, code, name, flag_emoji, is_active) VALUES (2, 'KZ', 'Казахстан', '🇰🇿', 1);
INSERT INTO countries (id, code, name, flag_emoji, is_active) VALUES (3, 'RU', 'Россия', '🇷🇺', 1);
INSERT INTO countries (id, code, name, flag_emoji, is_active) VALUES (4, 'KG', 'Кыргызстан', '🇰🇬', 1);
INSERT INTO countries (id, code, name, flag_emoji, is_active) VALUES (5, 'TJ', 'Таджикистан', '🇹🇯', 1);

INSERT INTO categories (id, name, slug, description, icon, image_url, sponsor_id, is_active, sort_order, created_at, name_uz, name_en, description_uz, description_en) VALUES (1, 'Test', 'test', NULL, '', NULL, NULL, 1, 1, '2026-03-16 19:34:15.158797', '', '', NULL, NULL);
INSERT INTO categories (id, name, slug, description, icon, image_url, sponsor_id, is_active, sort_order, created_at, name_uz, name_en, description_uz, description_en) VALUES (2, 'Красота', 'beauty', NULL, '', NULL, NULL, 1, 2, '2026-03-16 19:34:15.158800', NULL, NULL, NULL, NULL);
INSERT INTO categories (id, name, slug, description, icon, image_url, sponsor_id, is_active, sort_order, created_at, name_uz, name_en, description_uz, description_en) VALUES (3, 'Путешествия', 'travel', NULL, '', NULL, NULL, 1, 3, '2026-03-16 19:34:15.158801', NULL, NULL, NULL, NULL);
INSERT INTO categories (id, name, slug, description, icon, image_url, sponsor_id, is_active, sort_order, created_at, name_uz, name_en, description_uz, description_en) VALUES (4, 'Еда', 'food', NULL, '', NULL, NULL, 1, 4, '2026-03-16 19:34:15.158802', NULL, NULL, NULL, NULL);
INSERT INTO categories (id, name, slug, description, icon, image_url, sponsor_id, is_active, sort_order, created_at, name_uz, name_en, description_uz, description_en) VALUES (5, 'Фитнесс', 'fitness', NULL, '', NULL, NULL, 1, 5, '2026-03-16 19:34:15.158803', NULL, NULL, NULL, NULL);
INSERT INTO categories (id, name, slug, description, icon, image_url, sponsor_id, is_active, sort_order, created_at, name_uz, name_en, description_uz, description_en) VALUES (6, 'Технологии', 'tech', NULL, '', NULL, NULL, 1, 6, '2026-03-16 19:34:15.158804', NULL, NULL, NULL, NULL);
INSERT INTO categories (id, name, slug, description, icon, image_url, sponsor_id, is_active, sort_order, created_at, name_uz, name_en, description_uz, description_en) VALUES (7, 'Музыка', 'music', NULL, '', NULL, NULL, 1, 7, '2026-03-16 19:34:15.158805', NULL, NULL, NULL, NULL);
INSERT INTO categories (id, name, slug, description, icon, image_url, sponsor_id, is_active, sort_order, created_at, name_uz, name_en, description_uz, description_en) VALUES (8, 'Юмор', 'humor', NULL, '', NULL, NULL, 1, 8, '2026-03-16 19:34:15.158806', NULL, NULL, NULL, NULL);




INSERT INTO admin_logs (id, admin_id, action, target_type, target_id, details, ip_address, created_at) VALUES (1, 1, 'approve_blogger', 'blogger', 12, NULL, NULL, '2026-03-16 19:43:36.679762');
INSERT INTO admin_logs (id, admin_id, action, target_type, target_id, details, ip_address, created_at) VALUES (2, 1, 'approve_blogger', 'blogger', 12, NULL, NULL, '2026-03-16 19:43:38.080895');
INSERT INTO admin_logs (id, admin_id, action, target_type, target_id, details, ip_address, created_at) VALUES (3, 1, 'approve_blogger', 'blogger', 11, NULL, NULL, '2026-03-16 19:43:39.514080');
INSERT INTO admin_logs (id, admin_id, action, target_type, target_id, details, ip_address, created_at) VALUES (4, 1, 'approve_blogger', 'blogger', 10, NULL, NULL, '2026-03-16 19:43:41.102199');
INSERT INTO admin_logs (id, admin_id, action, target_type, target_id, details, ip_address, created_at) VALUES (5, 1, 'approve_blogger', 'blogger', 13, NULL, NULL, '2026-03-16 20:18:29.316555');
INSERT INTO admin_logs (id, admin_id, action, target_type, target_id, details, ip_address, created_at) VALUES (6, 1, 'approve_blogger', 'blogger', 13, NULL, NULL, '2026-03-16 20:18:30.960036');
INSERT INTO admin_logs (id, admin_id, action, target_type, target_id, details, ip_address, created_at) VALUES (7, 1, 'delete_blogger', 'blogger', 12, NULL, NULL, '2026-03-16 20:21:23.463815');
INSERT INTO admin_logs (id, admin_id, action, target_type, target_id, details, ip_address, created_at) VALUES (8, 1, 'delete_blogger', 'blogger', 11, NULL, NULL, '2026-03-16 20:21:39.760502');
INSERT INTO admin_logs (id, admin_id, action, target_type, target_id, details, ip_address, created_at) VALUES (9, 1, 'delete_blogger', 'blogger', 10, NULL, NULL, '2026-03-16 20:21:49.009264');
INSERT INTO admin_logs (id, admin_id, action, target_type, target_id, details, ip_address, created_at) VALUES (10, 1, 'approve_blogger', 'blogger', 14, NULL, NULL, '2026-03-16 21:02:58.323205');
INSERT INTO admin_logs (id, admin_id, action, target_type, target_id, details, ip_address, created_at) VALUES (11, 1, 'update_settings', 'settings', 1, '{"daily_vote_limit": {"old": 1, "new": 2}, "vip_vote_price": {"old": 10000, "new": 15000}}', NULL, '2026-03-16 21:58:37.421670');
INSERT INTO admin_logs (id, admin_id, action, target_type, target_id, details, ip_address, created_at) VALUES (12, 1, 'update_settings', 'settings', 1, '{"daily_vote_limit": {"old": 2, "new": 1}, "vip_vote_price": {"old": 15000, "new": 10000}}', NULL, '2026-03-16 21:58:37.461613');
INSERT INTO admin_logs (id, admin_id, action, target_type, target_id, details, ip_address, created_at) VALUES (13, 1, 'approve_blogger', 'blogger', 15, NULL, NULL, '2026-03-24 13:39:28.549141');

INSERT INTO bloggers (id, user_id, full_name, nickname, phone, country, category_id, description, avatar_url, instagram_url, youtube_url, tiktok_url, telegram_url, status, total_votes, is_active, created_at, updated_at, description_uz, description_en) VALUES (1, NULL, 'Ruxsora Mirjalilova', '@ruxsora_m', '+998901111100', 'UZ', 2, 'Beauty блогер и визажист. Делюсь секретами красоты и макияжа.', '/bloggers/real1.png', 'https://instagram.com/ruxsora_m', NULL, NULL, NULL, 'APPROVED', 0, 1, '2026-03-16 19:34:15.168769', '2026-03-30 06:17:49.037537', NULL, NULL);
INSERT INTO bloggers (id, user_id, full_name, nickname, phone, country, category_id, description, avatar_url, instagram_url, youtube_url, tiktok_url, telegram_url, status, total_votes, is_active, created_at, updated_at, description_uz, description_en) VALUES (2, NULL, 'Lil Khurammov', '@lil_khurammov', '+998901111101', 'UZ', 1, 'Lifestyle блогер. Контент о моде и стиле жизни.', '/bloggers/real2.png', 'https://instagram.com/lil_khurammov', NULL, NULL, NULL, 'APPROVED', 0, 1, '2026-03-16 19:34:15.168775', '2026-03-30 06:17:49.037537', NULL, NULL);
INSERT INTO bloggers (id, user_id, full_name, nickname, phone, country, category_id, description, avatar_url, instagram_url, youtube_url, tiktok_url, telegram_url, status, total_votes, is_active, created_at, updated_at, description_uz, description_en) VALUES (3, NULL, 'Diana Sultanova', '@diana_s', '+998901111102', 'UZ', 3, 'Travel блогер. Путешествую по миру и делюсь красивыми местами.', '/bloggers/real3.png', 'https://instagram.com/diana_s', NULL, NULL, NULL, 'APPROVED', 0, 1, '2026-03-16 19:34:15.168777', '2026-03-30 06:17:49.037537', NULL, NULL);
INSERT INTO bloggers (id, user_id, full_name, nickname, phone, country, category_id, description, avatar_url, instagram_url, youtube_url, tiktok_url, telegram_url, status, total_votes, is_active, created_at, updated_at, description_uz, description_en) VALUES (4, NULL, 'Sardor Rahimov', '@sardor_tech', '+998901111103', 'UZ', 6, 'Tech блогер и обзорщик гаджетов.', '/bloggers/real4.png', 'https://instagram.com/sardor_tech', NULL, NULL, NULL, 'APPROVED', 0, 1, '2026-03-16 19:34:15.168780', '2026-03-30 06:17:49.037537', NULL, NULL);
INSERT INTO bloggers (id, user_id, full_name, nickname, phone, country, category_id, description, avatar_url, instagram_url, youtube_url, tiktok_url, telegram_url, status, total_votes, is_active, created_at, updated_at, description_uz, description_en) VALUES (5, NULL, 'Nigora Karimova', '@nigora_fit', '+998901111104', 'UZ', 5, 'Фитнес тренер и блогер. Тренировки, питание и мотивация.', '/bloggers/real5.png', 'https://instagram.com/nigora_fit', NULL, NULL, NULL, 'APPROVED', 0, 1, '2026-03-16 19:34:15.168782', '2026-03-30 06:17:49.037537', NULL, NULL);
INSERT INTO bloggers (id, user_id, full_name, nickname, phone, country, category_id, description, avatar_url, instagram_url, youtube_url, tiktok_url, telegram_url, status, total_votes, is_active, created_at, updated_at, description_uz, description_en) VALUES (6, NULL, 'Timur Aliyev', '@timur_food', '+998901111105', 'UZ', 4, 'Food блогер и шеф-повар. Рецепты национальной кухни.', '/bloggers/real6.png', 'https://instagram.com/timur_food', NULL, NULL, NULL, 'APPROVED', 0, 1, '2026-03-16 19:34:15.168784', '2026-03-30 06:17:49.037537', NULL, NULL);
INSERT INTO bloggers (id, user_id, full_name, nickname, phone, country, category_id, description, avatar_url, instagram_url, youtube_url, tiktok_url, telegram_url, status, total_votes, is_active, created_at, updated_at, description_uz, description_en) VALUES (7, NULL, 'Aziza Murodova', '@aziza_beauty', '+998901111106', 'UZ', 2, 'Бьюти блогер. Обзоры косметики и уходовые средства.', '/bloggers/b1.png', NULL, NULL, NULL, NULL, 'APPROVED', 0, 1, '2026-03-16 19:34:15.168786', '2026-03-30 06:17:49.037537', NULL, NULL);
INSERT INTO bloggers (id, user_id, full_name, nickname, phone, country, category_id, description, avatar_url, instagram_url, youtube_url, tiktok_url, telegram_url, status, total_votes, is_active, created_at, updated_at, description_uz, description_en) VALUES (8, NULL, 'Bekzod Mirzaev', '@bekzod_humor', '+998901111107', 'UZ', 8, 'Юмористический блогер. Скетчи и пародии.', '/bloggers/b2.png', NULL, NULL, NULL, NULL, 'APPROVED', 0, 1, '2026-03-16 19:34:15.168788', '2026-03-30 06:17:49.037537', NULL, NULL);
INSERT INTO bloggers (id, user_id, full_name, nickname, phone, country, category_id, description, avatar_url, instagram_url, youtube_url, tiktok_url, telegram_url, status, total_votes, is_active, created_at, updated_at, description_uz, description_en) VALUES (9, NULL, 'Malika Abdullayeva', '@malika_music', '+998901111108', 'UZ', 7, 'Музыкальный блогер и исполнительница.', '/bloggers/b3.png', NULL, NULL, NULL, NULL, 'APPROVED', 0, 1, '2026-03-16 19:34:15.168790', '2026-03-30 06:17:49.037537', NULL, NULL);
INSERT INTO bloggers (id, user_id, full_name, nickname, phone, country, category_id, description, avatar_url, instagram_url, youtube_url, tiktok_url, telegram_url, status, total_votes, is_active, created_at, updated_at, description_uz, description_en) VALUES (13, NULL, 'Behruz N', 'куцк', '+998 93 002 57 06', 'UZ', 7, 'укеуке', '/uploads/bloggers/13_3ca1b969.png', 'http://localhost:3000/register', 'http://localhost:3000/register', 'http://localhost:3000/register', 'http://localhost:3000/register', 'APPROVED', 0, 1, '2026-03-16 20:18:05.265763', '2026-03-30 06:17:49.037537', NULL, NULL);
INSERT INTO bloggers (id, user_id, full_name, nickname, phone, country, category_id, description, avatar_url, instagram_url, youtube_url, tiktok_url, telegram_url, status, total_votes, is_active, created_at, updated_at, description_uz, description_en) VALUES (14, 12, 'Behruz N', 'dsfdsf', '+998 93 002 57 06', 'UZ', 7, 'впва', '/uploads/bloggers/14_23591996.png', 'http://localhost:3000/register', 'http://localhost:3000/register', 'http://localhost:3000/register', 'http://localhost:3000/register', 'APPROVED', 0, 1, '2026-03-16 21:02:32.041297', '2026-03-30 06:17:49.037537', NULL, NULL);
INSERT INTO bloggers (id, user_id, full_name, nickname, phone, country, category_id, description, avatar_url, instagram_url, youtube_url, tiktok_url, telegram_url, status, total_votes, is_active, created_at, updated_at, description_uz, description_en) VALUES (15, 1, 'Behruz N', '@marlowewhale', '+998949344343', 'UZ', 4, 'DSAfsdf', '/uploads/bloggers/15_f596478b.png', 'http://localhost:3000/register', 'http://localhost:3000/register', 'http://localhost:3000/register', 'http://localhost:3000/register', 'APPROVED', 0, 1, '2026-03-24 13:37:48.403904', '2026-03-30 06:17:49.037537', NULL, NULL);
INSERT INTO bloggers (id, user_id, full_name, nickname, phone, country, category_id, description, avatar_url, instagram_url, youtube_url, tiktok_url, telegram_url, status, total_votes, is_active, created_at, updated_at, description_uz, description_en) VALUES (16, 13, 'Behruz N', '@marlowewhal3', '+998930025706', 'UZ', 1, 'цук', '/uploads/bloggers/16_045c4351.png', NULL, NULL, NULL, NULL, 'PENDING', 0, 1, '2026-03-30 06:12:45.417123', '2026-03-30 06:17:49.037537', NULL, NULL);

INSERT INTO votes (id, user_id, blogger_id, vote_type, country, ip_address, device_id, payment_id, is_cancelled, created_at) VALUES (1, 9, 1, 'VIP', 'UZ', '195.158.169.155', 'device_5145', NULL, 0, '2026-03-08 20:20:15.177194');
INSERT INTO votes (id, user_id, blogger_id, vote_type, country, ip_address, device_id, payment_id, is_cancelled, created_at) VALUES (2, 3, 1, 'VIP', 'UZ', '195.158.116.111', 'device_9825', NULL, 0, '2026-03-14 07:18:15.177321');
INSERT INTO votes (id, user_id, blogger_id, vote_type, country, ip_address, device_id, payment_id, is_cancelled, created_at) VALUES (3, 6, 1, 'VIP', 'UZ', '195.158.9.109', 'device_6892', NULL, 0, '2026-03-13 15:04:15.177358');
INSERT INTO votes (id, user_id, blogger_id, vote_type, country, ip_address, device_id, payment_id, is_cancelled, created_at) VALUES (4, 7, 1, 'VIP', 'UZ', '195.158.242.125', 'device_2465', NULL, 0, '2026-03-01 10:52:15.177383');
INSERT INTO votes (id, user_id, blogger_id, vote_type, country, ip_address, device_id, payment_id, is_cancelled, created_at) VALUES (5, 8, 1, 'FREE', 'UZ', '195.158.220.238', 'device_7934', NULL, 0, '2026-03-04 02:54:15.177407');
INSERT INTO votes (id, user_id, blogger_id, vote_type, country, ip_address, device_id, payment_id, is_cancelled, created_at) VALUES (6, 8, 1, 'FREE', 'UZ', '195.158.145.252', 'device_9259', NULL, 0, '2026-03-14 04:16:15.177432');
INSERT INTO votes (id, user_id, blogger_id, vote_type, country, ip_address, device_id, payment_id, is_cancelled, created_at) VALUES (7, 11, 1, 'FREE', 'UZ', '195.158.37.204', 'device_3307', NULL, 0, '2026-03-13 19:36:15.177456');
INSERT INTO votes (id, user_id, blogger_id, vote_type, country, ip_address, device_id, payment_id, is_cancelled, created_at) VALUES (8, 2, 1, 'FREE', 'UZ', '195.158.42.255', 'device_8526', NULL, 0, '2026-03-01 20:17:15.177480');
INSERT INTO votes (id, user_id, blogger_id, vote_type, country, ip_address, device_id, payment_id, is_cancelled, created_at) VALUES (9, 5, 1, 'FREE', 'UZ', '195.158.241.71', 'device_9132', NULL, 0, '2026-03-16 09:49:15.177502');
INSERT INTO votes (id, user_id, blogger_id, vote_type, country, ip_address, device_id, payment_id, is_cancelled, created_at) VALUES (10, 9, 1, 'FREE', 'UZ', '195.158.221.99', 'device_1761', NULL, 0, '2026-03-08 12:46:15.177523');
INSERT INTO votes (id, user_id, blogger_id, vote_type, country, ip_address, device_id, payment_id, is_cancelled, created_at) VALUES (11, 5, 1, 'VIP', 'UZ', '195.158.138.144', 'device_9628', NULL, 0, '2026-03-04 03:23:15.177545');
INSERT INTO votes (id, user_id, blogger_id, vote_type, country, ip_address, device_id, payment_id, is_cancelled, created_at) VALUES (12, 8, 1, 'VIP', 'UZ', '195.158.232.240', 'device_1887', NULL, 0, '2026-03-05 07:55:15.177566');
INSERT INTO votes (id, user_id, blogger_id, vote_type, country, ip_address, device_id, payment_id, is_cancelled, created_at) VALUES (13, 11, 1, 'FREE', 'UZ', '195.158.246.112', 'device_2147', NULL, 0, '2026-03-16 10:12:15.177586');
INSERT INTO votes (id, user_id, blogger_id, vote_type, country, ip_address, device_id, payment_id, is_cancelled, created_at) VALUES (14, 9, 1, 'VIP', 'UZ', '195.158.106.44', 'device_6231', NULL, 0, '2026-03-11 12:10:15.177609');
INSERT INTO votes (id, user_id, blogger_id, vote_type, country, ip_address, device_id, payment_id, is_cancelled, created_at) VALUES (15, 3, 1, 'FREE', 'UZ', '195.158.63.26', 'device_3062', NULL, 0, '2026-03-15 11:00:15.177630');
INSERT INTO votes (id, user_id, blogger_id, vote_type, country, ip_address, device_id, payment_id, is_cancelled, created_at) VALUES (16, 8, 1, 'FREE', 'UZ', '195.158.43.156', 'device_7263', NULL, 0, '2026-03-01 04:23:15.177651');
INSERT INTO votes (id, user_id, blogger_id, vote_type, country, ip_address, device_id, payment_id, is_cancelled, created_at) VALUES (17, 11, 1, 'VIP', 'UZ', '195.158.15.92', 'device_2384', NULL, 0, '2026-03-15 17:57:15.177671');
INSERT INTO votes (id, user_id, blogger_id, vote_type, country, ip_address, device_id, payment_id, is_cancelled, created_at) VALUES (18, 9, 1, 'FREE', 'UZ', '195.158.84.65', 'device_7370', NULL, 0, '2026-03-01 08:57:15.177691');
INSERT INTO votes (id, user_id, blogger_id, vote_type, country, ip_address, device_id, payment_id, is_cancelled, created_at) VALUES (19, 4, 1, 'FREE', 'UZ', '195.158.163.132', 'device_2719', NULL, 0, '2026-03-09 02:30:15.177715');
INSERT INTO votes (id, user_id, blogger_id, vote_type, country, ip_address, device_id, payment_id, is_cancelled, created_at) VALUES (20, 5, 1, 'FREE', 'UZ', '195.158.48.213', 'device_8408', NULL, 0, '2026-03-12 18:12:15.177739');
INSERT INTO votes (id, user_id, blogger_id, vote_type, country, ip_address, device_id, payment_id, is_cancelled, created_at) VALUES (21, 10, 1, 'FREE', 'UZ', '195.158.181.32', 'device_2456', NULL, 0, '2026-03-07 16:25:15.177759');
INSERT INTO votes (id, user_id, blogger_id, vote_type, country, ip_address, device_id, payment_id, is_cancelled, created_at) VALUES (22, 3, 1, 'FREE', 'UZ', '195.158.20.227', 'device_5464', NULL, 0, '2026-03-11 16:04:15.177780');
INSERT INTO votes (id, user_id, blogger_id, vote_type, country, ip_address, device_id, payment_id, is_cancelled, created_at) VALUES (23, 7, 1, 'FREE', 'UZ', '195.158.12.5', 'device_2278', NULL, 0, '2026-03-14 23:42:15.177800');
INSERT INTO votes (id, user_id, blogger_id, vote_type, country, ip_address, device_id, payment_id, is_cancelled, created_at) VALUES (24, 3, 1, 'VIP', 'UZ', '195.158.101.122', 'device_2122', NULL, 0, '2026-03-16 19:05:15.177819');
INSERT INTO votes (id, user_id, blogger_id, vote_type, country, ip_address, device_id, payment_id, is_cancelled, created_at) VALUES (25, 10, 1, 'FREE', 'UZ', '195.158.57.209', 'device_2351', NULL, 0, '2026-03-16 12:19:15.177838');
INSERT INTO votes (id, user_id, blogger_id, vote_type, country, ip_address, device_id, payment_id, is_cancelled, created_at) VALUES (26, 5, 1, 'VIP', 'UZ', '195.158.98.244', 'device_7516', NULL, 0, '2026-03-15 18:01:15.177871');
INSERT INTO votes (id, user_id, blogger_id, vote_type, country, ip_address, device_id, payment_id, is_cancelled, created_at) VALUES (27, 6, 1, 'FREE', 'UZ', '195.158.248.31', 'device_9703', NULL, 0, '2026-03-15 09:29:15.177892');
INSERT INTO votes (id, user_id, blogger_id, vote_type, country, ip_address, device_id, payment_id, is_cancelled, created_at) VALUES (28, 7, 1, 'FREE', 'UZ', '195.158.52.51', 'device_3720', NULL, 0, '2026-03-04 21:14:15.177929');
INSERT INTO votes (id, user_id, blogger_id, vote_type, country, ip_address, device_id, payment_id, is_cancelled, created_at) VALUES (29, 2, 1, 'FREE', 'UZ', '195.158.7.86', 'device_3817', NULL, 0, '2026-03-04 00:41:15.177952');
INSERT INTO votes (id, user_id, blogger_id, vote_type, country, ip_address, device_id, payment_id, is_cancelled, created_at) VALUES (30, 10, 1, 'FREE', 'UZ', '195.158.166.146', 'device_8383', NULL, 0, '2026-03-01 03:55:15.177972');
INSERT INTO votes (id, user_id, blogger_id, vote_type, country, ip_address, device_id, payment_id, is_cancelled, created_at) VALUES (31, 10, 1, 'FREE', 'UZ', '195.158.52.15', 'device_4077', NULL, 0, '2026-03-09 00:22:15.177993');
INSERT INTO votes (id, user_id, blogger_id, vote_type, country, ip_address, device_id, payment_id, is_cancelled, created_at) VALUES (32, 7, 1, 'FREE', 'UZ', '195.158.157.132', 'device_8915', NULL, 0, '2026-03-09 06:13:15.178014');
INSERT INTO votes (id, user_id, blogger_id, vote_type, country, ip_address, device_id, payment_id, is_cancelled, created_at) VALUES (33, 8, 1, 'FREE', 'UZ', '195.158.253.76', 'device_8193', NULL, 0, '2026-03-16 19:27:15.178035');
INSERT INTO votes (id, user_id, blogger_id, vote_type, country, ip_address, device_id, payment_id, is_cancelled, created_at) VALUES (34, 7, 1, 'FREE', 'UZ', '195.158.59.221', 'device_6971', NULL, 0, '2026-03-09 22:37:15.178056');
INSERT INTO votes (id, user_id, blogger_id, vote_type, country, ip_address, device_id, payment_id, is_cancelled, created_at) VALUES (35, 10, 1, 'FREE', 'UZ', '195.158.112.252', 'device_6915', NULL, 0, '2026-03-12 03:12:15.178075');
INSERT INTO votes (id, user_id, blogger_id, vote_type, country, ip_address, device_id, payment_id, is_cancelled, created_at) VALUES (36, 7, 1, 'FREE', 'UZ', '195.158.42.174', 'device_7333', NULL, 0, '2026-03-02 15:03:15.178098');
INSERT INTO votes (id, user_id, blogger_id, vote_type, country, ip_address, device_id, payment_id, is_cancelled, created_at) VALUES (37, 6, 1, 'FREE', 'UZ', '195.158.40.209', 'device_6373', NULL, 0, '2026-03-10 19:57:15.178120');
INSERT INTO votes (id, user_id, blogger_id, vote_type, country, ip_address, device_id, payment_id, is_cancelled, created_at) VALUES (38, 5, 1, 'FREE', 'UZ', '195.158.203.90', 'device_2737', NULL, 0, '2026-03-15 09:36:15.178139');
INSERT INTO votes (id, user_id, blogger_id, vote_type, country, ip_address, device_id, payment_id, is_cancelled, created_at) VALUES (39, 2, 1, 'FREE', 'UZ', '195.158.21.169', 'device_9935', NULL, 0, '2026-03-16 05:05:15.178158');
INSERT INTO votes (id, user_id, blogger_id, vote_type, country, ip_address, device_id, payment_id, is_cancelled, created_at) VALUES (40, 10, 1, 'VIP', 'UZ', '195.158.75.195', 'device_3997', NULL, 0, '2026-03-08 10:35:15.178178');
INSERT INTO votes (id, user_id, blogger_id, vote_type, country, ip_address, device_id, payment_id, is_cancelled, created_at) VALUES (41, 4, 1, 'FREE', 'UZ', '195.158.31.143', 'device_9612', NULL, 0, '2026-03-08 22:25:15.178196');
INSERT INTO votes (id, user_id, blogger_id, vote_type, country, ip_address, device_id, payment_id, is_cancelled, created_at) VALUES (42, 8, 1, 'VIP', 'UZ', '195.158.53.139', 'device_1328', NULL, 0, '2026-03-03 18:53:15.178216');
INSERT INTO votes (id, user_id, blogger_id, vote_type, country, ip_address, device_id, payment_id, is_cancelled, created_at) VALUES (43, 9, 1, 'VIP', 'UZ', '195.158.59.249', 'device_3918', NULL, 0, '2026-03-02 01:55:15.178235');
INSERT INTO votes (id, user_id, blogger_id, vote_type, country, ip_address, device_id, payment_id, is_cancelled, created_at) VALUES (44, 3, 1, 'FREE', 'UZ', '195.158.63.60', 'device_5493', NULL, 0, '2026-03-13 10:23:15.178255');
INSERT INTO votes (id, user_id, blogger_id, vote_type, country, ip_address, device_id, payment_id, is_cancelled, created_at) VALUES (45, 9, 1, 'FREE', 'UZ', '195.158.2.237', 'device_8367', NULL, 0, '2026-03-10 08:06:15.178275');
INSERT INTO votes (id, user_id, blogger_id, vote_type, country, ip_address, device_id, payment_id, is_cancelled, created_at) VALUES (46, 7, 1, 'FREE', 'UZ', '195.158.211.41', 'device_1194', NULL, 0, '2026-03-06 19:43:15.178295');
INSERT INTO votes (id, user_id, blogger_id, vote_type, country, ip_address, device_id, payment_id, is_cancelled, created_at) VALUES (47, 2, 1, 'FREE', 'UZ', '195.158.141.143', 'device_8862', NULL, 0, '2026-03-10 18:34:15.178315');
INSERT INTO votes (id, user_id, blogger_id, vote_type, country, ip_address, device_id, payment_id, is_cancelled, created_at) VALUES (48, 9, 1, 'FREE', 'UZ', '195.158.38.150', 'device_5057', NULL, 0, '2026-03-16 14:42:15.178335');
INSERT INTO votes (id, user_id, blogger_id, vote_type, country, ip_address, device_id, payment_id, is_cancelled, created_at) VALUES (49, 7, 1, 'FREE', 'UZ', '195.158.160.24', 'device_2066', NULL, 0, '2026-03-10 14:15:15.178356');
INSERT INTO votes (id, user_id, blogger_id, vote_type, country, ip_address, device_id, payment_id, is_cancelled, created_at) VALUES (50, 8, 1, 'VIP', 'UZ', '195.158.103.34', 'device_3972', NULL, 0, '2026-03-13 05:42:15.178376');
INSERT INTO votes (id, user_id, blogger_id, vote_type, country, ip_address, device_id, payment_id, is_cancelled, created_at) VALUES (51, 7, 2, 'FREE', 'UZ', '195.158.138.200', 'device_1810', NULL, 0, '2026-03-13 20:07:15.178409');
INSERT INTO votes (id, user_id, blogger_id, vote_type, country, ip_address, device_id, payment_id, is_cancelled, created_at) VALUES (52, 6, 2, 'FREE', 'UZ', '195.158.119.48', 'device_4245', NULL, 0, '2026-03-14 21:04:15.178440');
INSERT INTO votes (id, user_id, blogger_id, vote_type, country, ip_address, device_id, payment_id, is_cancelled, created_at) VALUES (53, 4, 2, 'VIP', 'UZ', '195.158.44.89', 'device_3631', NULL, 0, '2026-03-12 20:22:15.178461');
INSERT INTO votes (id, user_id, blogger_id, vote_type, country, ip_address, device_id, payment_id, is_cancelled, created_at) VALUES (54, 4, 2, 'VIP', 'UZ', '195.158.218.246', 'device_9925', NULL, 0, '2026-03-07 01:19:15.178481');
INSERT INTO votes (id, user_id, blogger_id, vote_type, country, ip_address, device_id, payment_id, is_cancelled, created_at) VALUES (55, 8, 2, 'FREE', 'UZ', '195.158.251.176', 'device_5690', NULL, 0, '2026-03-15 07:30:15.178499');
INSERT INTO votes (id, user_id, blogger_id, vote_type, country, ip_address, device_id, payment_id, is_cancelled, created_at) VALUES (56, 4, 2, 'FREE', 'UZ', '195.158.227.18', 'device_7064', NULL, 0, '2026-03-11 01:44:15.178518');
INSERT INTO votes (id, user_id, blogger_id, vote_type, country, ip_address, device_id, payment_id, is_cancelled, created_at) VALUES (57, 6, 2, 'VIP', 'UZ', '195.158.148.97', 'device_6322', NULL, 0, '2026-03-02 17:50:15.178537');
INSERT INTO votes (id, user_id, blogger_id, vote_type, country, ip_address, device_id, payment_id, is_cancelled, created_at) VALUES (58, 5, 2, 'FREE', 'UZ', '195.158.49.199', 'device_8447', NULL, 0, '2026-03-07 05:57:15.178559');
INSERT INTO votes (id, user_id, blogger_id, vote_type, country, ip_address, device_id, payment_id, is_cancelled, created_at) VALUES (59, 7, 2, 'FREE', 'UZ', '195.158.156.124', 'device_7871', NULL, 0, '2026-03-12 15:36:15.178579');
INSERT INTO votes (id, user_id, blogger_id, vote_type, country, ip_address, device_id, payment_id, is_cancelled, created_at) VALUES (60, 11, 2, 'FREE', 'UZ', '195.158.138.247', 'device_1161', NULL, 0, '2026-03-04 13:32:15.178599');
INSERT INTO votes (id, user_id, blogger_id, vote_type, country, ip_address, device_id, payment_id, is_cancelled, created_at) VALUES (61, 3, 2, 'VIP', 'UZ', '195.158.235.165', 'device_6357', NULL, 0, '2026-03-10 06:49:15.178618');
INSERT INTO votes (id, user_id, blogger_id, vote_type, country, ip_address, device_id, payment_id, is_cancelled, created_at) VALUES (62, 9, 2, 'FREE', 'UZ', '195.158.121.238', 'device_4202', NULL, 0, '2026-03-16 07:58:15.178639');
INSERT INTO votes (id, user_id, blogger_id, vote_type, country, ip_address, device_id, payment_id, is_cancelled, created_at) VALUES (63, 4, 2, 'FREE', 'UZ', '195.158.214.13', 'device_2405', NULL, 0, '2026-03-07 12:50:15.178657');
INSERT INTO votes (id, user_id, blogger_id, vote_type, country, ip_address, device_id, payment_id, is_cancelled, created_at) VALUES (64, 11, 2, 'FREE', 'UZ', '195.158.176.62', 'device_3094', NULL, 0, '2026-03-03 16:05:15.178676');
INSERT INTO votes (id, user_id, blogger_id, vote_type, country, ip_address, device_id, payment_id, is_cancelled, created_at) VALUES (65, 6, 2, 'FREE', 'UZ', '195.158.33.100', 'device_4374', NULL, 0, '2026-03-04 02:15:15.178695');
INSERT INTO votes (id, user_id, blogger_id, vote_type, country, ip_address, device_id, payment_id, is_cancelled, created_at) VALUES (66, 7, 2, 'FREE', 'UZ', '195.158.58.108', 'device_9417', NULL, 0, '2026-03-15 08:51:15.178714');
INSERT INTO votes (id, user_id, blogger_id, vote_type, country, ip_address, device_id, payment_id, is_cancelled, created_at) VALUES (67, 9, 2, 'VIP', 'UZ', '195.158.173.212', 'device_3629', NULL, 0, '2026-03-10 06:54:15.178733');
INSERT INTO votes (id, user_id, blogger_id, vote_type, country, ip_address, device_id, payment_id, is_cancelled, created_at) VALUES (68, 3, 2, 'FREE', 'UZ', '195.158.88.149', 'device_8603', NULL, 0, '2026-03-01 05:06:15.178757');
INSERT INTO votes (id, user_id, blogger_id, vote_type, country, ip_address, device_id, payment_id, is_cancelled, created_at) VALUES (69, 3, 2, 'FREE', 'UZ', '195.158.4.154', 'device_7522', NULL, 0, '2026-03-14 17:48:15.178780');
INSERT INTO votes (id, user_id, blogger_id, vote_type, country, ip_address, device_id, payment_id, is_cancelled, created_at) VALUES (70, 2, 2, 'VIP', 'UZ', '195.158.181.82', 'device_2686', NULL, 0, '2026-03-14 17:13:15.178804');
INSERT INTO votes (id, user_id, blogger_id, vote_type, country, ip_address, device_id, payment_id, is_cancelled, created_at) VALUES (71, 5, 2, 'FREE', 'UZ', '195.158.93.216', 'device_2285', NULL, 0, '2026-03-14 00:19:15.178829');
INSERT INTO votes (id, user_id, blogger_id, vote_type, country, ip_address, device_id, payment_id, is_cancelled, created_at) VALUES (72, 10, 2, 'FREE', 'UZ', '195.158.162.204', 'device_8600', NULL, 0, '2026-03-01 11:20:15.178851');
INSERT INTO votes (id, user_id, blogger_id, vote_type, country, ip_address, device_id, payment_id, is_cancelled, created_at) VALUES (73, 6, 2, 'FREE', 'UZ', '195.158.39.221', 'device_6581', NULL, 0, '2026-03-02 14:33:15.178872');
INSERT INTO votes (id, user_id, blogger_id, vote_type, country, ip_address, device_id, payment_id, is_cancelled, created_at) VALUES (74, 8, 2, 'FREE', 'UZ', '195.158.141.252', 'device_7201', NULL, 0, '2026-03-12 05:37:15.178895');
INSERT INTO votes (id, user_id, blogger_id, vote_type, country, ip_address, device_id, payment_id, is_cancelled, created_at) VALUES (75, 9, 2, 'VIP', 'UZ', '195.158.140.182', 'device_4540', NULL, 0, '2026-03-03 07:25:15.178919');
INSERT INTO votes (id, user_id, blogger_id, vote_type, country, ip_address, device_id, payment_id, is_cancelled, created_at) VALUES (76, 4, 2, 'FREE', 'UZ', '195.158.229.109', 'device_6425', NULL, 0, '2026-03-15 14:44:15.178945');
INSERT INTO votes (id, user_id, blogger_id, vote_type, country, ip_address, device_id, payment_id, is_cancelled, created_at) VALUES (77, 6, 2, 'FREE', 'UZ', '195.158.39.27', 'device_9781', NULL, 0, '2026-03-14 12:21:15.179176');
INSERT INTO votes (id, user_id, blogger_id, vote_type, country, ip_address, device_id, payment_id, is_cancelled, created_at) VALUES (78, 8, 2, 'FREE', 'UZ', '195.158.54.201', 'device_8141', NULL, 0, '2026-03-09 04:33:15.179222');
INSERT INTO votes (id, user_id, blogger_id, vote_type, country, ip_address, device_id, payment_id, is_cancelled, created_at) VALUES (79, 7, 2, 'VIP', 'UZ', '195.158.147.54', 'device_3084', NULL, 0, '2026-03-04 22:52:15.179251');
INSERT INTO votes (id, user_id, blogger_id, vote_type, country, ip_address, device_id, payment_id, is_cancelled, created_at) VALUES (80, 3, 2, 'VIP', 'UZ', '195.158.199.33', 'device_8143', NULL, 0, '2026-03-12 14:59:15.179276');
INSERT INTO votes (id, user_id, blogger_id, vote_type, country, ip_address, device_id, payment_id, is_cancelled, created_at) VALUES (81, 3, 2, 'FREE', 'UZ', '195.158.231.96', 'device_4527', NULL, 0, '2026-03-13 06:09:15.179301');
INSERT INTO votes (id, user_id, blogger_id, vote_type, country, ip_address, device_id, payment_id, is_cancelled, created_at) VALUES (82, 2, 2, 'VIP', 'UZ', '195.158.48.118', 'device_2248', NULL, 0, '2026-03-12 14:44:15.179322');
INSERT INTO votes (id, user_id, blogger_id, vote_type, country, ip_address, device_id, payment_id, is_cancelled, created_at) VALUES (83, 4, 2, 'FREE', 'UZ', '195.158.37.145', 'device_1092', NULL, 0, '2026-03-14 01:55:15.179346');
INSERT INTO votes (id, user_id, blogger_id, vote_type, country, ip_address, device_id, payment_id, is_cancelled, created_at) VALUES (84, 6, 2, 'FREE', 'UZ', '195.158.245.251', 'device_4845', NULL, 0, '2026-03-05 05:18:15.179370');
INSERT INTO votes (id, user_id, blogger_id, vote_type, country, ip_address, device_id, payment_id, is_cancelled, created_at) VALUES (85, 10, 2, 'FREE', 'UZ', '195.158.83.186', 'device_6613', NULL, 0, '2026-03-01 19:37:15.179395');
INSERT INTO votes (id, user_id, blogger_id, vote_type, country, ip_address, device_id, payment_id, is_cancelled, created_at) VALUES (86, 6, 2, 'FREE', 'UZ', '195.158.251.232', 'device_4584', NULL, 0, '2026-03-01 08:42:15.179420');
INSERT INTO votes (id, user_id, blogger_id, vote_type, country, ip_address, device_id, payment_id, is_cancelled, created_at) VALUES (87, 9, 2, 'VIP', 'UZ', '195.158.68.132', 'device_8061', NULL, 0, '2026-03-16 09:45:15.179448');
INSERT INTO votes (id, user_id, blogger_id, vote_type, country, ip_address, device_id, payment_id, is_cancelled, created_at) VALUES (88, 4, 2, 'FREE', 'UZ', '195.158.135.188', 'device_9935', NULL, 0, '2026-03-12 19:56:15.179475');
INSERT INTO votes (id, user_id, blogger_id, vote_type, country, ip_address, device_id, payment_id, is_cancelled, created_at) VALUES (89, 7, 2, 'FREE', 'UZ', '195.158.86.27', 'device_5847', NULL, 0, '2026-03-09 00:22:15.179502');
INSERT INTO votes (id, user_id, blogger_id, vote_type, country, ip_address, device_id, payment_id, is_cancelled, created_at) VALUES (90, 2, 2, 'FREE', 'UZ', '195.158.144.237', 'device_9699', NULL, 0, '2026-03-12 01:55:15.179526');
INSERT INTO votes (id, user_id, blogger_id, vote_type, country, ip_address, device_id, payment_id, is_cancelled, created_at) VALUES (91, 2, 2, 'FREE', 'UZ', '195.158.112.180', 'device_4964', NULL, 0, '2026-03-09 18:38:15.179547');
INSERT INTO votes (id, user_id, blogger_id, vote_type, country, ip_address, device_id, payment_id, is_cancelled, created_at) VALUES (92, 11, 2, 'FREE', 'UZ', '195.158.250.234', 'device_2821', NULL, 0, '2026-03-15 09:02:15.179566');
INSERT INTO votes (id, user_id, blogger_id, vote_type, country, ip_address, device_id, payment_id, is_cancelled, created_at) VALUES (93, 9, 2, 'VIP', 'UZ', '195.158.6.159', 'device_5648', NULL, 0, '2026-03-10 05:32:15.179586');
INSERT INTO votes (id, user_id, blogger_id, vote_type, country, ip_address, device_id, payment_id, is_cancelled, created_at) VALUES (94, 3, 2, 'FREE', 'UZ', '195.158.30.32', 'device_4858', NULL, 0, '2026-03-06 03:35:15.179611');
INSERT INTO votes (id, user_id, blogger_id, vote_type, country, ip_address, device_id, payment_id, is_cancelled, created_at) VALUES (95, 11, 2, 'FREE', 'UZ', '195.158.12.150', 'device_8789', NULL, 0, '2026-03-04 03:49:15.179630');
INSERT INTO votes (id, user_id, blogger_id, vote_type, country, ip_address, device_id, payment_id, is_cancelled, created_at) VALUES (96, 11, 2, 'VIP', 'UZ', '195.158.152.11', 'device_7739', NULL, 0, '2026-03-10 14:10:15.179650');
INSERT INTO votes (id, user_id, blogger_id, vote_type, country, ip_address, device_id, payment_id, is_cancelled, created_at) VALUES (97, 8, 2, 'FREE', 'UZ', '195.158.9.1', 'device_4313', NULL, 0, '2026-03-11 08:55:15.179669');
INSERT INTO votes (id, user_id, blogger_id, vote_type, country, ip_address, device_id, payment_id, is_cancelled, created_at) VALUES (98, 6, 2, 'FREE', 'UZ', '195.158.31.202', 'device_2259', NULL, 0, '2026-03-01 21:29:15.179688');
INSERT INTO votes (id, user_id, blogger_id, vote_type, country, ip_address, device_id, payment_id, is_cancelled, created_at) VALUES (99, 5, 2, 'FREE', 'UZ', '195.158.194.92', 'device_3159', NULL, 0, '2026-03-14 00:37:15.179708');
INSERT INTO votes (id, user_id, blogger_id, vote_type, country, ip_address, device_id, payment_id, is_cancelled, created_at) VALUES (100, 4, 2, 'VIP', 'UZ', '195.158.59.137', 'device_5170', NULL, 0, '2026-03-13 05:49:15.179734');
INSERT INTO votes (id, user_id, blogger_id, vote_type, country, ip_address, device_id, payment_id, is_cancelled, created_at) VALUES (101, 2, 3, 'FREE', 'UZ', '195.158.140.51', 'device_1879', NULL, 0, '2026-03-10 11:32:15.179759');
INSERT INTO votes (id, user_id, blogger_id, vote_type, country, ip_address, device_id, payment_id, is_cancelled, created_at) VALUES (102, 2, 3, 'FREE', 'UZ', '195.158.247.162', 'device_2987', NULL, 0, '2026-03-15 23:22:15.179782');
INSERT INTO votes (id, user_id, blogger_id, vote_type, country, ip_address, device_id, payment_id, is_cancelled, created_at) VALUES (103, 6, 3, 'FREE', 'UZ', '195.158.185.244', 'device_2475', NULL, 0, '2026-03-05 15:24:15.179806');
INSERT INTO votes (id, user_id, blogger_id, vote_type, country, ip_address, device_id, payment_id, is_cancelled, created_at) VALUES (104, 7, 3, 'FREE', 'UZ', '195.158.81.58', 'device_7042', NULL, 0, '2026-03-12 22:04:15.179831');
INSERT INTO votes (id, user_id, blogger_id, vote_type, country, ip_address, device_id, payment_id, is_cancelled, created_at) VALUES (105, 9, 3, 'VIP', 'UZ', '195.158.196.64', 'device_7344', NULL, 0, '2026-03-08 16:14:15.179867');
INSERT INTO votes (id, user_id, blogger_id, vote_type, country, ip_address, device_id, payment_id, is_cancelled, created_at) VALUES (106, 2, 3, 'FREE', 'UZ', '195.158.21.40', 'device_7753', NULL, 0, '2026-03-15 05:35:15.179890');
INSERT INTO votes (id, user_id, blogger_id, vote_type, country, ip_address, device_id, payment_id, is_cancelled, created_at) VALUES (107, 4, 3, 'FREE', 'UZ', '195.158.20.65', 'device_1135', NULL, 0, '2026-03-05 10:28:15.179916');
INSERT INTO votes (id, user_id, blogger_id, vote_type, country, ip_address, device_id, payment_id, is_cancelled, created_at) VALUES (108, 5, 3, 'FREE', 'UZ', '195.158.187.83', 'device_3642', NULL, 0, '2026-03-12 02:42:15.179937');
INSERT INTO votes (id, user_id, blogger_id, vote_type, country, ip_address, device_id, payment_id, is_cancelled, created_at) VALUES (109, 5, 3, 'FREE', 'UZ', '195.158.209.64', 'device_4160', NULL, 0, '2026-03-06 16:10:15.179958');
INSERT INTO votes (id, user_id, blogger_id, vote_type, country, ip_address, device_id, payment_id, is_cancelled, created_at) VALUES (110, 3, 3, 'FREE', 'UZ', '195.158.28.18', 'device_3128', NULL, 0, '2026-03-11 21:53:15.179980');
INSERT INTO votes (id, user_id, blogger_id, vote_type, country, ip_address, device_id, payment_id, is_cancelled, created_at) VALUES (111, 5, 3, 'VIP', 'UZ', '195.158.235.127', 'device_4270', NULL, 0, '2026-03-12 05:27:15.180001');
INSERT INTO votes (id, user_id, blogger_id, vote_type, country, ip_address, device_id, payment_id, is_cancelled, created_at) VALUES (112, 10, 3, 'FREE', 'UZ', '195.158.10.72', 'device_4879', NULL, 0, '2026-03-15 04:36:15.180022');
INSERT INTO votes (id, user_id, blogger_id, vote_type, country, ip_address, device_id, payment_id, is_cancelled, created_at) VALUES (113, 5, 3, 'FREE', 'UZ', '195.158.237.23', 'device_5261', NULL, 0, '2026-03-07 09:52:15.180042');
INSERT INTO votes (id, user_id, blogger_id, vote_type, country, ip_address, device_id, payment_id, is_cancelled, created_at) VALUES (114, 8, 3, 'VIP', 'UZ', '195.158.104.11', 'device_1948', NULL, 0, '2026-03-04 23:39:15.180066');
INSERT INTO votes (id, user_id, blogger_id, vote_type, country, ip_address, device_id, payment_id, is_cancelled, created_at) VALUES (115, 6, 3, 'FREE', 'UZ', '195.158.153.105', 'device_9764', NULL, 0, '2026-03-02 02:50:15.180089');
INSERT INTO votes (id, user_id, blogger_id, vote_type, country, ip_address, device_id, payment_id, is_cancelled, created_at) VALUES (116, 5, 3, 'FREE', 'UZ', '195.158.81.95', 'device_9119', NULL, 0, '2026-03-09 23:49:15.180111');
INSERT INTO votes (id, user_id, blogger_id, vote_type, country, ip_address, device_id, payment_id, is_cancelled, created_at) VALUES (117, 4, 3, 'VIP', 'UZ', '195.158.54.228', 'device_2737', NULL, 0, '2026-03-04 23:13:15.180141');
INSERT INTO votes (id, user_id, blogger_id, vote_type, country, ip_address, device_id, payment_id, is_cancelled, created_at) VALUES (118, 10, 3, 'VIP', 'UZ', '195.158.172.70', 'device_3611', NULL, 0, '2026-03-13 08:59:15.180165');
INSERT INTO votes (id, user_id, blogger_id, vote_type, country, ip_address, device_id, payment_id, is_cancelled, created_at) VALUES (119, 7, 3, 'FREE', 'UZ', '195.158.106.147', 'device_4105', NULL, 0, '2026-03-07 18:47:15.180189');
INSERT INTO votes (id, user_id, blogger_id, vote_type, country, ip_address, device_id, payment_id, is_cancelled, created_at) VALUES (120, 11, 3, 'FREE', 'UZ', '195.158.100.73', 'device_1647', NULL, 0, '2026-03-11 10:26:15.180211');
INSERT INTO votes (id, user_id, blogger_id, vote_type, country, ip_address, device_id, payment_id, is_cancelled, created_at) VALUES (121, 7, 3, 'VIP', 'UZ', '195.158.185.18', 'device_1335', NULL, 0, '2026-03-01 02:30:15.180232');
INSERT INTO votes (id, user_id, blogger_id, vote_type, country, ip_address, device_id, payment_id, is_cancelled, created_at) VALUES (122, 10, 3, 'VIP', 'UZ', '195.158.39.20', 'device_2225', NULL, 0, '2026-03-09 21:57:15.180255');
INSERT INTO votes (id, user_id, blogger_id, vote_type, country, ip_address, device_id, payment_id, is_cancelled, created_at) VALUES (123, 9, 3, 'VIP', 'UZ', '195.158.137.104', 'device_2923', NULL, 0, '2026-03-08 02:08:15.180278');
INSERT INTO votes (id, user_id, blogger_id, vote_type, country, ip_address, device_id, payment_id, is_cancelled, created_at) VALUES (124, 8, 3, 'FREE', 'UZ', '195.158.48.239', 'device_4932', NULL, 0, '2026-03-07 00:24:15.180301');
INSERT INTO votes (id, user_id, blogger_id, vote_type, country, ip_address, device_id, payment_id, is_cancelled, created_at) VALUES (125, 11, 3, 'FREE', 'UZ', '195.158.15.54', 'device_4502', NULL, 0, '2026-03-16 07:25:15.180321');
INSERT INTO votes (id, user_id, blogger_id, vote_type, country, ip_address, device_id, payment_id, is_cancelled, created_at) VALUES (126, 7, 3, 'VIP', 'UZ', '195.158.180.72', 'device_8802', NULL, 0, '2026-03-09 05:13:15.180344');
INSERT INTO votes (id, user_id, blogger_id, vote_type, country, ip_address, device_id, payment_id, is_cancelled, created_at) VALUES (127, 4, 3, 'FREE', 'UZ', '195.158.36.79', 'device_7487', NULL, 0, '2026-03-09 01:26:15.180367');
INSERT INTO votes (id, user_id, blogger_id, vote_type, country, ip_address, device_id, payment_id, is_cancelled, created_at) VALUES (128, 8, 3, 'FREE', 'UZ', '195.158.103.99', 'device_7577', NULL, 0, '2026-03-08 10:00:15.180389');
INSERT INTO votes (id, user_id, blogger_id, vote_type, country, ip_address, device_id, payment_id, is_cancelled, created_at) VALUES (129, 9, 3, 'FREE', 'UZ', '195.158.19.156', 'device_2290', NULL, 0, '2026-03-08 20:39:15.180410');
INSERT INTO votes (id, user_id, blogger_id, vote_type, country, ip_address, device_id, payment_id, is_cancelled, created_at) VALUES (130, 2, 3, 'FREE', 'UZ', '195.158.161.227', 'device_7289', NULL, 0, '2026-03-02 19:54:15.180432');
INSERT INTO votes (id, user_id, blogger_id, vote_type, country, ip_address, device_id, payment_id, is_cancelled, created_at) VALUES (131, 3, 3, 'FREE', 'UZ', '195.158.175.95', 'device_1833', NULL, 0, '2026-03-12 21:33:15.180466');
INSERT INTO votes (id, user_id, blogger_id, vote_type, country, ip_address, device_id, payment_id, is_cancelled, created_at) VALUES (132, 7, 3, 'FREE', 'UZ', '195.158.97.136', 'device_5382', NULL, 0, '2026-03-01 20:28:15.180500');
INSERT INTO votes (id, user_id, blogger_id, vote_type, country, ip_address, device_id, payment_id, is_cancelled, created_at) VALUES (133, 3, 3, 'FREE', 'UZ', '195.158.98.246', 'device_8075', NULL, 0, '2026-03-11 05:17:15.180524');
INSERT INTO votes (id, user_id, blogger_id, vote_type, country, ip_address, device_id, payment_id, is_cancelled, created_at) VALUES (134, 5, 3, 'FREE', 'UZ', '195.158.158.211', 'device_2053', NULL, 0, '2026-03-03 03:55:15.180556');
INSERT INTO votes (id, user_id, blogger_id, vote_type, country, ip_address, device_id, payment_id, is_cancelled, created_at) VALUES (135, 8, 3, 'FREE', 'UZ', '195.158.107.138', 'device_4560', NULL, 0, '2026-03-11 09:17:15.180577');
INSERT INTO votes (id, user_id, blogger_id, vote_type, country, ip_address, device_id, payment_id, is_cancelled, created_at) VALUES (136, 6, 3, 'FREE', 'UZ', '195.158.79.164', 'device_2922', NULL, 0, '2026-03-08 11:34:15.180601');
INSERT INTO votes (id, user_id, blogger_id, vote_type, country, ip_address, device_id, payment_id, is_cancelled, created_at) VALUES (137, 10, 3, 'VIP', 'UZ', '195.158.79.178', 'device_9330', NULL, 0, '2026-03-10 23:59:15.180628');
INSERT INTO votes (id, user_id, blogger_id, vote_type, country, ip_address, device_id, payment_id, is_cancelled, created_at) VALUES (138, 5, 3, 'VIP', 'UZ', '195.158.240.243', 'device_9098', NULL, 0, '2026-03-15 21:16:15.180650');
INSERT INTO votes (id, user_id, blogger_id, vote_type, country, ip_address, device_id, payment_id, is_cancelled, created_at) VALUES (139, 10, 3, 'FREE', 'UZ', '195.158.131.230', 'device_2547', NULL, 0, '2026-03-12 09:26:15.180677');
INSERT INTO votes (id, user_id, blogger_id, vote_type, country, ip_address, device_id, payment_id, is_cancelled, created_at) VALUES (140, 7, 3, 'FREE', 'UZ', '195.158.62.58', 'device_8431', NULL, 0, '2026-03-08 03:39:15.180700');
INSERT INTO votes (id, user_id, blogger_id, vote_type, country, ip_address, device_id, payment_id, is_cancelled, created_at) VALUES (141, 4, 3, 'FREE', 'UZ', '195.158.129.154', 'device_5032', NULL, 0, '2026-03-01 14:12:15.180721');
INSERT INTO votes (id, user_id, blogger_id, vote_type, country, ip_address, device_id, payment_id, is_cancelled, created_at) VALUES (142, 10, 3, 'FREE', 'UZ', '195.158.167.1', 'device_7820', NULL, 0, '2026-03-11 14:22:15.180744');
INSERT INTO votes (id, user_id, blogger_id, vote_type, country, ip_address, device_id, payment_id, is_cancelled, created_at) VALUES (143, 7, 3, 'FREE', 'UZ', '195.158.97.90', 'device_6083', NULL, 0, '2026-03-08 20:56:15.180769');
INSERT INTO votes (id, user_id, blogger_id, vote_type, country, ip_address, device_id, payment_id, is_cancelled, created_at) VALUES (144, 2, 3, 'FREE', 'UZ', '195.158.8.86', 'device_6066', NULL, 0, '2026-03-07 11:39:15.180792');
INSERT INTO votes (id, user_id, blogger_id, vote_type, country, ip_address, device_id, payment_id, is_cancelled, created_at) VALUES (145, 3, 3, 'FREE', 'UZ', '195.158.139.72', 'device_6445', NULL, 0, '2026-03-06 04:59:15.180813');
INSERT INTO votes (id, user_id, blogger_id, vote_type, country, ip_address, device_id, payment_id, is_cancelled, created_at) VALUES (146, 11, 3, 'VIP', 'UZ', '195.158.95.24', 'device_2718', NULL, 0, '2026-03-14 19:51:15.180840');
INSERT INTO votes (id, user_id, blogger_id, vote_type, country, ip_address, device_id, payment_id, is_cancelled, created_at) VALUES (147, 3, 3, 'FREE', 'UZ', '195.158.67.84', 'device_7261', NULL, 0, '2026-03-05 18:24:15.180860');
INSERT INTO votes (id, user_id, blogger_id, vote_type, country, ip_address, device_id, payment_id, is_cancelled, created_at) VALUES (148, 6, 3, 'FREE', 'UZ', '195.158.1.245', 'device_2166', NULL, 0, '2026-03-01 02:10:15.180881');
INSERT INTO votes (id, user_id, blogger_id, vote_type, country, ip_address, device_id, payment_id, is_cancelled, created_at) VALUES (149, 2, 3, 'FREE', 'UZ', '195.158.49.54', 'device_8172', NULL, 0, '2026-03-09 03:36:15.180900');
INSERT INTO votes (id, user_id, blogger_id, vote_type, country, ip_address, device_id, payment_id, is_cancelled, created_at) VALUES (150, 11, 3, 'VIP', 'UZ', '195.158.119.186', 'device_4984', NULL, 0, '2026-03-06 05:38:15.180922');
INSERT INTO votes (id, user_id, blogger_id, vote_type, country, ip_address, device_id, payment_id, is_cancelled, created_at) VALUES (151, 8, 4, 'FREE', 'UZ', '195.158.203.172', 'device_7733', NULL, 0, '2026-03-10 03:45:15.180947');
INSERT INTO votes (id, user_id, blogger_id, vote_type, country, ip_address, device_id, payment_id, is_cancelled, created_at) VALUES (152, 10, 4, 'FREE', 'UZ', '195.158.221.20', 'device_9841', NULL, 0, '2026-03-13 21:51:15.180973');
INSERT INTO votes (id, user_id, blogger_id, vote_type, country, ip_address, device_id, payment_id, is_cancelled, created_at) VALUES (153, 11, 4, 'FREE', 'UZ', '195.158.147.65', 'device_9785', NULL, 0, '2026-03-14 04:03:15.180996');
INSERT INTO votes (id, user_id, blogger_id, vote_type, country, ip_address, device_id, payment_id, is_cancelled, created_at) VALUES (154, 5, 4, 'VIP', 'UZ', '195.158.110.42', 'device_5985', NULL, 0, '2026-03-15 08:28:15.181015');
INSERT INTO votes (id, user_id, blogger_id, vote_type, country, ip_address, device_id, payment_id, is_cancelled, created_at) VALUES (155, 2, 4, 'FREE', 'UZ', '195.158.111.9', 'device_7534', NULL, 0, '2026-03-13 19:24:15.181035');
INSERT INTO votes (id, user_id, blogger_id, vote_type, country, ip_address, device_id, payment_id, is_cancelled, created_at) VALUES (156, 8, 4, 'FREE', 'UZ', '195.158.82.87', 'device_9815', NULL, 0, '2026-03-07 23:17:15.181055');
INSERT INTO votes (id, user_id, blogger_id, vote_type, country, ip_address, device_id, payment_id, is_cancelled, created_at) VALUES (157, 8, 4, 'VIP', 'UZ', '195.158.60.211', 'device_8972', NULL, 0, '2026-03-11 00:56:15.181075');
INSERT INTO votes (id, user_id, blogger_id, vote_type, country, ip_address, device_id, payment_id, is_cancelled, created_at) VALUES (158, 4, 4, 'FREE', 'UZ', '195.158.216.62', 'device_7666', NULL, 0, '2026-03-11 02:53:15.181095');
INSERT INTO votes (id, user_id, blogger_id, vote_type, country, ip_address, device_id, payment_id, is_cancelled, created_at) VALUES (159, 10, 4, 'FREE', 'UZ', '195.158.169.105', 'device_7110', NULL, 0, '2026-03-14 18:51:15.181115');
INSERT INTO votes (id, user_id, blogger_id, vote_type, country, ip_address, device_id, payment_id, is_cancelled, created_at) VALUES (160, 7, 4, 'VIP', 'UZ', '195.158.140.206', 'device_3513', NULL, 0, '2026-03-03 10:22:15.181150');
INSERT INTO votes (id, user_id, blogger_id, vote_type, country, ip_address, device_id, payment_id, is_cancelled, created_at) VALUES (161, 5, 4, 'VIP', 'UZ', '195.158.88.187', 'device_7953', NULL, 0, '2026-03-01 03:08:15.181169');
INSERT INTO votes (id, user_id, blogger_id, vote_type, country, ip_address, device_id, payment_id, is_cancelled, created_at) VALUES (162, 5, 4, 'FREE', 'UZ', '195.158.92.182', 'device_8995', NULL, 0, '2026-03-16 03:17:15.181188');
INSERT INTO votes (id, user_id, blogger_id, vote_type, country, ip_address, device_id, payment_id, is_cancelled, created_at) VALUES (163, 8, 4, 'VIP', 'UZ', '195.158.147.64', 'device_8984', NULL, 0, '2026-03-16 18:56:15.181209');
INSERT INTO votes (id, user_id, blogger_id, vote_type, country, ip_address, device_id, payment_id, is_cancelled, created_at) VALUES (164, 10, 4, 'FREE', 'UZ', '195.158.231.114', 'device_1673', NULL, 0, '2026-03-03 08:20:15.181230');
INSERT INTO votes (id, user_id, blogger_id, vote_type, country, ip_address, device_id, payment_id, is_cancelled, created_at) VALUES (165, 8, 4, 'FREE', 'UZ', '195.158.226.104', 'device_9391', NULL, 0, '2026-03-02 09:24:15.181250');
INSERT INTO votes (id, user_id, blogger_id, vote_type, country, ip_address, device_id, payment_id, is_cancelled, created_at) VALUES (166, 11, 4, 'FREE', 'UZ', '195.158.46.115', 'device_5968', NULL, 0, '2026-03-10 15:00:15.181274');
INSERT INTO votes (id, user_id, blogger_id, vote_type, country, ip_address, device_id, payment_id, is_cancelled, created_at) VALUES (167, 2, 4, 'FREE', 'UZ', '195.158.54.93', 'device_7566', NULL, 0, '2026-03-04 03:53:15.181293');
INSERT INTO votes (id, user_id, blogger_id, vote_type, country, ip_address, device_id, payment_id, is_cancelled, created_at) VALUES (168, 4, 4, 'FREE', 'UZ', '195.158.180.101', 'device_9391', NULL, 0, '2026-03-01 14:29:15.181312');
INSERT INTO votes (id, user_id, blogger_id, vote_type, country, ip_address, device_id, payment_id, is_cancelled, created_at) VALUES (169, 2, 4, 'FREE', 'UZ', '195.158.143.118', 'device_6104', NULL, 0, '2026-03-03 05:14:15.181331');
INSERT INTO votes (id, user_id, blogger_id, vote_type, country, ip_address, device_id, payment_id, is_cancelled, created_at) VALUES (170, 6, 4, 'VIP', 'UZ', '195.158.111.232', 'device_9059', NULL, 0, '2026-03-15 20:24:15.181354');
INSERT INTO votes (id, user_id, blogger_id, vote_type, country, ip_address, device_id, payment_id, is_cancelled, created_at) VALUES (171, 2, 4, 'VIP', 'UZ', '195.158.45.141', 'device_6487', NULL, 0, '2026-03-13 02:12:15.181379');
INSERT INTO votes (id, user_id, blogger_id, vote_type, country, ip_address, device_id, payment_id, is_cancelled, created_at) VALUES (172, 10, 4, 'FREE', 'UZ', '195.158.102.66', 'device_6259', NULL, 0, '2026-03-02 06:14:15.181403');
INSERT INTO votes (id, user_id, blogger_id, vote_type, country, ip_address, device_id, payment_id, is_cancelled, created_at) VALUES (173, 7, 4, 'FREE', 'UZ', '195.158.126.124', 'device_6856', NULL, 0, '2026-03-12 03:57:15.181423');
INSERT INTO votes (id, user_id, blogger_id, vote_type, country, ip_address, device_id, payment_id, is_cancelled, created_at) VALUES (174, 11, 4, 'FREE', 'UZ', '195.158.204.98', 'device_1865', NULL, 0, '2026-03-03 09:43:15.181447');
INSERT INTO votes (id, user_id, blogger_id, vote_type, country, ip_address, device_id, payment_id, is_cancelled, created_at) VALUES (175, 6, 4, 'FREE', 'UZ', '195.158.60.132', 'device_8420', NULL, 0, '2026-03-07 17:03:15.181468');
INSERT INTO votes (id, user_id, blogger_id, vote_type, country, ip_address, device_id, payment_id, is_cancelled, created_at) VALUES (176, 10, 4, 'FREE', 'UZ', '195.158.251.172', 'device_4688', NULL, 0, '2026-03-05 01:08:15.181492');
INSERT INTO votes (id, user_id, blogger_id, vote_type, country, ip_address, device_id, payment_id, is_cancelled, created_at) VALUES (177, 5, 4, 'VIP', 'UZ', '195.158.197.225', 'device_5686', NULL, 0, '2026-03-14 22:24:15.181512');
INSERT INTO votes (id, user_id, blogger_id, vote_type, country, ip_address, device_id, payment_id, is_cancelled, created_at) VALUES (178, 9, 4, 'FREE', 'UZ', '195.158.150.149', 'device_2326', NULL, 0, '2026-03-08 02:31:15.181532');
INSERT INTO votes (id, user_id, blogger_id, vote_type, country, ip_address, device_id, payment_id, is_cancelled, created_at) VALUES (179, 3, 4, 'FREE', 'UZ', '195.158.115.95', 'device_3174', NULL, 0, '2026-03-08 05:40:15.181551');
INSERT INTO votes (id, user_id, blogger_id, vote_type, country, ip_address, device_id, payment_id, is_cancelled, created_at) VALUES (180, 7, 4, 'FREE', 'UZ', '195.158.255.92', 'device_4138', NULL, 0, '2026-03-01 14:39:15.181570');
INSERT INTO votes (id, user_id, blogger_id, vote_type, country, ip_address, device_id, payment_id, is_cancelled, created_at) VALUES (181, 11, 4, 'FREE', 'UZ', '195.158.190.186', 'device_9895', NULL, 0, '2026-03-08 03:48:15.181588');
INSERT INTO votes (id, user_id, blogger_id, vote_type, country, ip_address, device_id, payment_id, is_cancelled, created_at) VALUES (182, 9, 4, 'FREE', 'UZ', '195.158.131.98', 'device_2405', NULL, 0, '2026-03-13 09:32:15.181607');
INSERT INTO votes (id, user_id, blogger_id, vote_type, country, ip_address, device_id, payment_id, is_cancelled, created_at) VALUES (183, 10, 4, 'VIP', 'UZ', '195.158.210.241', 'device_8505', NULL, 0, '2026-03-14 10:50:15.181626');
INSERT INTO votes (id, user_id, blogger_id, vote_type, country, ip_address, device_id, payment_id, is_cancelled, created_at) VALUES (184, 2, 4, 'VIP', 'UZ', '195.158.59.149', 'device_6195', NULL, 0, '2026-03-02 23:22:15.181650');
INSERT INTO votes (id, user_id, blogger_id, vote_type, country, ip_address, device_id, payment_id, is_cancelled, created_at) VALUES (185, 6, 4, 'FREE', 'UZ', '195.158.94.229', 'device_6906', NULL, 0, '2026-03-14 08:40:15.181672');
INSERT INTO votes (id, user_id, blogger_id, vote_type, country, ip_address, device_id, payment_id, is_cancelled, created_at) VALUES (186, 6, 4, 'FREE', 'UZ', '195.158.116.28', 'device_8642', NULL, 0, '2026-03-13 04:57:15.181691');
INSERT INTO votes (id, user_id, blogger_id, vote_type, country, ip_address, device_id, payment_id, is_cancelled, created_at) VALUES (187, 2, 4, 'FREE', 'UZ', '195.158.175.121', 'device_2581', NULL, 0, '2026-03-02 20:32:15.181710');
INSERT INTO votes (id, user_id, blogger_id, vote_type, country, ip_address, device_id, payment_id, is_cancelled, created_at) VALUES (188, 3, 4, 'FREE', 'UZ', '195.158.204.149', 'device_1996', NULL, 0, '2026-03-01 23:02:15.181731');
INSERT INTO votes (id, user_id, blogger_id, vote_type, country, ip_address, device_id, payment_id, is_cancelled, created_at) VALUES (189, 9, 4, 'FREE', 'UZ', '195.158.182.147', 'device_7298', NULL, 0, '2026-03-14 17:08:15.181751');
INSERT INTO votes (id, user_id, blogger_id, vote_type, country, ip_address, device_id, payment_id, is_cancelled, created_at) VALUES (190, 11, 4, 'FREE', 'UZ', '195.158.226.157', 'device_3953', NULL, 0, '2026-03-05 03:39:15.181772');
INSERT INTO votes (id, user_id, blogger_id, vote_type, country, ip_address, device_id, payment_id, is_cancelled, created_at) VALUES (191, 2, 4, 'FREE', 'UZ', '195.158.102.253', 'device_4769', NULL, 0, '2026-03-16 10:30:15.181790');
INSERT INTO votes (id, user_id, blogger_id, vote_type, country, ip_address, device_id, payment_id, is_cancelled, created_at) VALUES (192, 9, 4, 'FREE', 'UZ', '195.158.249.204', 'device_5853', NULL, 0, '2026-03-08 06:56:15.181808');
INSERT INTO votes (id, user_id, blogger_id, vote_type, country, ip_address, device_id, payment_id, is_cancelled, created_at) VALUES (193, 9, 4, 'FREE', 'UZ', '195.158.70.220', 'device_7371', NULL, 0, '2026-03-13 02:00:15.181827');
INSERT INTO votes (id, user_id, blogger_id, vote_type, country, ip_address, device_id, payment_id, is_cancelled, created_at) VALUES (194, 9, 4, 'FREE', 'UZ', '195.158.46.68', 'device_8690', NULL, 0, '2026-03-13 08:12:15.181848');
INSERT INTO votes (id, user_id, blogger_id, vote_type, country, ip_address, device_id, payment_id, is_cancelled, created_at) VALUES (195, 7, 4, 'FREE', 'UZ', '195.158.2.116', 'device_9523', NULL, 0, '2026-03-06 14:45:15.181875');
INSERT INTO votes (id, user_id, blogger_id, vote_type, country, ip_address, device_id, payment_id, is_cancelled, created_at) VALUES (196, 11, 4, 'FREE', 'UZ', '195.158.198.121', 'device_8253', NULL, 0, '2026-03-15 05:18:15.181897');
INSERT INTO votes (id, user_id, blogger_id, vote_type, country, ip_address, device_id, payment_id, is_cancelled, created_at) VALUES (197, 6, 4, 'FREE', 'UZ', '195.158.176.34', 'device_4634', NULL, 0, '2026-03-14 02:20:15.181916');
INSERT INTO votes (id, user_id, blogger_id, vote_type, country, ip_address, device_id, payment_id, is_cancelled, created_at) VALUES (198, 3, 4, 'FREE', 'UZ', '195.158.177.148', 'device_3490', NULL, 0, '2026-03-04 16:41:15.181935');
INSERT INTO votes (id, user_id, blogger_id, vote_type, country, ip_address, device_id, payment_id, is_cancelled, created_at) VALUES (199, 4, 4, 'FREE', 'UZ', '195.158.208.162', 'device_5379', NULL, 0, '2026-03-08 05:58:15.181954');
INSERT INTO votes (id, user_id, blogger_id, vote_type, country, ip_address, device_id, payment_id, is_cancelled, created_at) VALUES (200, 2, 4, 'VIP', 'UZ', '195.158.238.169', 'device_7222', NULL, 0, '2026-03-09 10:36:15.181976');
INSERT INTO votes (id, user_id, blogger_id, vote_type, country, ip_address, device_id, payment_id, is_cancelled, created_at) VALUES (201, 10, 5, 'FREE', 'UZ', '195.158.162.126', 'device_8919', NULL, 0, '2026-03-10 07:25:15.181999');
INSERT INTO votes (id, user_id, blogger_id, vote_type, country, ip_address, device_id, payment_id, is_cancelled, created_at) VALUES (202, 8, 5, 'FREE', 'UZ', '195.158.42.204', 'device_6231', NULL, 0, '2026-03-01 23:41:15.182022');
INSERT INTO votes (id, user_id, blogger_id, vote_type, country, ip_address, device_id, payment_id, is_cancelled, created_at) VALUES (203, 10, 5, 'FREE', 'UZ', '195.158.180.5', 'device_7909', NULL, 0, '2026-03-04 22:03:15.182043');
INSERT INTO votes (id, user_id, blogger_id, vote_type, country, ip_address, device_id, payment_id, is_cancelled, created_at) VALUES (204, 7, 5, 'FREE', 'UZ', '195.158.130.255', 'device_9220', NULL, 0, '2026-03-12 20:25:15.182063');
INSERT INTO votes (id, user_id, blogger_id, vote_type, country, ip_address, device_id, payment_id, is_cancelled, created_at) VALUES (205, 11, 5, 'FREE', 'UZ', '195.158.46.18', 'device_5783', NULL, 0, '2026-03-11 07:12:15.182084');
INSERT INTO votes (id, user_id, blogger_id, vote_type, country, ip_address, device_id, payment_id, is_cancelled, created_at) VALUES (206, 2, 5, 'VIP', 'UZ', '195.158.220.148', 'device_6768', NULL, 0, '2026-03-12 20:22:15.182104');
INSERT INTO votes (id, user_id, blogger_id, vote_type, country, ip_address, device_id, payment_id, is_cancelled, created_at) VALUES (207, 9, 5, 'VIP', 'UZ', '195.158.103.216', 'device_5336', NULL, 0, '2026-02-28 21:33:15.182128');
INSERT INTO votes (id, user_id, blogger_id, vote_type, country, ip_address, device_id, payment_id, is_cancelled, created_at) VALUES (208, 3, 5, 'VIP', 'UZ', '195.158.85.148', 'device_5164', NULL, 0, '2026-03-13 09:19:15.182149');
INSERT INTO votes (id, user_id, blogger_id, vote_type, country, ip_address, device_id, payment_id, is_cancelled, created_at) VALUES (209, 2, 5, 'VIP', 'UZ', '195.158.61.19', 'device_5773', NULL, 0, '2026-02-28 20:58:15.182168');
INSERT INTO votes (id, user_id, blogger_id, vote_type, country, ip_address, device_id, payment_id, is_cancelled, created_at) VALUES (210, 9, 5, 'FREE', 'UZ', '195.158.144.125', 'device_5746', NULL, 0, '2026-03-15 01:40:15.182191');
INSERT INTO votes (id, user_id, blogger_id, vote_type, country, ip_address, device_id, payment_id, is_cancelled, created_at) VALUES (211, 8, 5, 'FREE', 'UZ', '195.158.88.241', 'device_2503', NULL, 0, '2026-03-06 19:12:15.182214');
INSERT INTO votes (id, user_id, blogger_id, vote_type, country, ip_address, device_id, payment_id, is_cancelled, created_at) VALUES (212, 11, 5, 'FREE', 'UZ', '195.158.210.3', 'device_6419', NULL, 0, '2026-03-04 19:01:15.182234');
INSERT INTO votes (id, user_id, blogger_id, vote_type, country, ip_address, device_id, payment_id, is_cancelled, created_at) VALUES (213, 8, 5, 'FREE', 'UZ', '195.158.65.156', 'device_1266', NULL, 0, '2026-03-06 21:36:15.182257');
INSERT INTO votes (id, user_id, blogger_id, vote_type, country, ip_address, device_id, payment_id, is_cancelled, created_at) VALUES (214, 9, 5, 'VIP', 'UZ', '195.158.65.71', 'device_7093', NULL, 0, '2026-03-12 03:11:15.182276');
INSERT INTO votes (id, user_id, blogger_id, vote_type, country, ip_address, device_id, payment_id, is_cancelled, created_at) VALUES (215, 4, 5, 'FREE', 'UZ', '195.158.125.227', 'device_9308', NULL, 0, '2026-03-05 14:32:15.182295');
INSERT INTO votes (id, user_id, blogger_id, vote_type, country, ip_address, device_id, payment_id, is_cancelled, created_at) VALUES (216, 3, 5, 'FREE', 'UZ', '195.158.236.14', 'device_4808', NULL, 0, '2026-03-11 16:12:15.182315');
INSERT INTO votes (id, user_id, blogger_id, vote_type, country, ip_address, device_id, payment_id, is_cancelled, created_at) VALUES (217, 5, 5, 'FREE', 'UZ', '195.158.244.24', 'device_9981', NULL, 0, '2026-03-09 22:40:15.182338');
INSERT INTO votes (id, user_id, blogger_id, vote_type, country, ip_address, device_id, payment_id, is_cancelled, created_at) VALUES (218, 6, 5, 'FREE', 'UZ', '195.158.225.75', 'device_5957', NULL, 0, '2026-03-13 01:38:15.182358');
INSERT INTO votes (id, user_id, blogger_id, vote_type, country, ip_address, device_id, payment_id, is_cancelled, created_at) VALUES (219, 10, 5, 'FREE', 'UZ', '195.158.76.155', 'device_1256', NULL, 0, '2026-03-08 22:39:15.182381');
INSERT INTO votes (id, user_id, blogger_id, vote_type, country, ip_address, device_id, payment_id, is_cancelled, created_at) VALUES (220, 3, 5, 'FREE', 'UZ', '195.158.85.86', 'device_5642', NULL, 0, '2026-03-01 20:49:15.182403');
INSERT INTO votes (id, user_id, blogger_id, vote_type, country, ip_address, device_id, payment_id, is_cancelled, created_at) VALUES (221, 9, 5, 'FREE', 'UZ', '195.158.173.176', 'device_9452', NULL, 0, '2026-03-12 13:46:15.182422');
INSERT INTO votes (id, user_id, blogger_id, vote_type, country, ip_address, device_id, payment_id, is_cancelled, created_at) VALUES (222, 7, 5, 'FREE', 'UZ', '195.158.245.79', 'device_3043', NULL, 0, '2026-03-09 07:51:15.182440');
INSERT INTO votes (id, user_id, blogger_id, vote_type, country, ip_address, device_id, payment_id, is_cancelled, created_at) VALUES (223, 5, 5, 'FREE', 'UZ', '195.158.153.149', 'device_4811', NULL, 0, '2026-03-04 03:52:15.182461');
INSERT INTO votes (id, user_id, blogger_id, vote_type, country, ip_address, device_id, payment_id, is_cancelled, created_at) VALUES (224, 2, 5, 'FREE', 'UZ', '195.158.15.162', 'device_1672', NULL, 0, '2026-03-06 14:57:15.182482');
INSERT INTO votes (id, user_id, blogger_id, vote_type, country, ip_address, device_id, payment_id, is_cancelled, created_at) VALUES (225, 8, 5, 'VIP', 'UZ', '195.158.50.141', 'device_8197', NULL, 0, '2026-03-12 09:20:15.182501');
INSERT INTO votes (id, user_id, blogger_id, vote_type, country, ip_address, device_id, payment_id, is_cancelled, created_at) VALUES (226, 5, 5, 'FREE', 'UZ', '195.158.45.87', 'device_9855', NULL, 0, '2026-03-13 21:29:15.182521');
INSERT INTO votes (id, user_id, blogger_id, vote_type, country, ip_address, device_id, payment_id, is_cancelled, created_at) VALUES (227, 2, 5, 'FREE', 'UZ', '195.158.162.45', 'device_9286', NULL, 0, '2026-03-08 04:28:15.182548');
INSERT INTO votes (id, user_id, blogger_id, vote_type, country, ip_address, device_id, payment_id, is_cancelled, created_at) VALUES (228, 11, 5, 'FREE', 'UZ', '195.158.253.190', 'device_2169', NULL, 0, '2026-03-01 13:36:15.182572');
INSERT INTO votes (id, user_id, blogger_id, vote_type, country, ip_address, device_id, payment_id, is_cancelled, created_at) VALUES (229, 6, 5, 'VIP', 'UZ', '195.158.185.25', 'device_4074', NULL, 0, '2026-03-09 06:08:15.182599');
INSERT INTO votes (id, user_id, blogger_id, vote_type, country, ip_address, device_id, payment_id, is_cancelled, created_at) VALUES (230, 7, 5, 'FREE', 'UZ', '195.158.49.38', 'device_8242', NULL, 0, '2026-03-16 04:26:15.182632');
INSERT INTO votes (id, user_id, blogger_id, vote_type, country, ip_address, device_id, payment_id, is_cancelled, created_at) VALUES (231, 11, 5, 'FREE', 'UZ', '195.158.96.180', 'device_2628', NULL, 0, '2026-03-04 07:44:15.182654');
INSERT INTO votes (id, user_id, blogger_id, vote_type, country, ip_address, device_id, payment_id, is_cancelled, created_at) VALUES (232, 11, 5, 'FREE', 'UZ', '195.158.54.245', 'device_5444', NULL, 0, '2026-03-09 14:09:15.182673');
INSERT INTO votes (id, user_id, blogger_id, vote_type, country, ip_address, device_id, payment_id, is_cancelled, created_at) VALUES (233, 9, 5, 'FREE', 'UZ', '195.158.44.8', 'device_4362', NULL, 0, '2026-03-08 14:46:15.182691');
INSERT INTO votes (id, user_id, blogger_id, vote_type, country, ip_address, device_id, payment_id, is_cancelled, created_at) VALUES (234, 6, 5, 'FREE', 'UZ', '195.158.242.42', 'device_5989', NULL, 0, '2026-03-14 07:09:15.182710');
INSERT INTO votes (id, user_id, blogger_id, vote_type, country, ip_address, device_id, payment_id, is_cancelled, created_at) VALUES (235, 4, 5, 'FREE', 'UZ', '195.158.146.218', 'device_5710', NULL, 0, '2026-03-03 15:46:15.182731');
INSERT INTO votes (id, user_id, blogger_id, vote_type, country, ip_address, device_id, payment_id, is_cancelled, created_at) VALUES (236, 5, 5, 'VIP', 'UZ', '195.158.28.21', 'device_9889', NULL, 0, '2026-03-14 23:32:15.182750');
INSERT INTO votes (id, user_id, blogger_id, vote_type, country, ip_address, device_id, payment_id, is_cancelled, created_at) VALUES (237, 8, 5, 'FREE', 'UZ', '195.158.248.67', 'device_4720', NULL, 0, '2026-03-13 09:54:15.182769');
INSERT INTO votes (id, user_id, blogger_id, vote_type, country, ip_address, device_id, payment_id, is_cancelled, created_at) VALUES (238, 8, 5, 'VIP', 'UZ', '195.158.140.1', 'device_5295', NULL, 0, '2026-03-04 06:30:15.182791');
INSERT INTO votes (id, user_id, blogger_id, vote_type, country, ip_address, device_id, payment_id, is_cancelled, created_at) VALUES (239, 8, 5, 'FREE', 'UZ', '195.158.79.239', 'device_5257', NULL, 0, '2026-03-15 06:47:15.182810');
INSERT INTO votes (id, user_id, blogger_id, vote_type, country, ip_address, device_id, payment_id, is_cancelled, created_at) VALUES (240, 10, 5, 'FREE', 'UZ', '195.158.22.250', 'device_1021', NULL, 0, '2026-03-09 11:31:15.182830');
INSERT INTO votes (id, user_id, blogger_id, vote_type, country, ip_address, device_id, payment_id, is_cancelled, created_at) VALUES (241, 8, 5, 'VIP', 'UZ', '195.158.249.125', 'device_4478', NULL, 0, '2026-03-05 04:34:15.182848');
INSERT INTO votes (id, user_id, blogger_id, vote_type, country, ip_address, device_id, payment_id, is_cancelled, created_at) VALUES (242, 2, 5, 'FREE', 'UZ', '195.158.151.80', 'device_1258', NULL, 0, '2026-03-15 13:18:15.182870');
INSERT INTO votes (id, user_id, blogger_id, vote_type, country, ip_address, device_id, payment_id, is_cancelled, created_at) VALUES (243, 4, 5, 'FREE', 'UZ', '195.158.29.254', 'device_2807', NULL, 0, '2026-03-04 04:01:15.182888');
INSERT INTO votes (id, user_id, blogger_id, vote_type, country, ip_address, device_id, payment_id, is_cancelled, created_at) VALUES (244, 5, 5, 'FREE', 'UZ', '195.158.93.159', 'device_6232', NULL, 0, '2026-03-15 17:37:15.182910');
INSERT INTO votes (id, user_id, blogger_id, vote_type, country, ip_address, device_id, payment_id, is_cancelled, created_at) VALUES (245, 5, 5, 'FREE', 'UZ', '195.158.193.211', 'device_2068', NULL, 0, '2026-03-14 06:43:15.182928');
INSERT INTO votes (id, user_id, blogger_id, vote_type, country, ip_address, device_id, payment_id, is_cancelled, created_at) VALUES (246, 9, 5, 'FREE', 'UZ', '195.158.251.201', 'device_6462', NULL, 0, '2026-03-15 23:09:15.182947');
INSERT INTO votes (id, user_id, blogger_id, vote_type, country, ip_address, device_id, payment_id, is_cancelled, created_at) VALUES (247, 9, 5, 'VIP', 'UZ', '195.158.179.247', 'device_9281', NULL, 0, '2026-03-14 14:12:15.182966');
INSERT INTO votes (id, user_id, blogger_id, vote_type, country, ip_address, device_id, payment_id, is_cancelled, created_at) VALUES (248, 4, 5, 'FREE', 'UZ', '195.158.142.33', 'device_7371', NULL, 0, '2026-03-10 18:37:15.182987');
INSERT INTO votes (id, user_id, blogger_id, vote_type, country, ip_address, device_id, payment_id, is_cancelled, created_at) VALUES (249, 6, 5, 'VIP', 'UZ', '195.158.88.111', 'device_7562', NULL, 0, '2026-03-01 07:17:15.183008');
INSERT INTO votes (id, user_id, blogger_id, vote_type, country, ip_address, device_id, payment_id, is_cancelled, created_at) VALUES (250, 7, 5, 'FREE', 'UZ', '195.158.227.234', 'device_1834', NULL, 0, '2026-03-10 02:18:15.183028');
INSERT INTO votes (id, user_id, blogger_id, vote_type, country, ip_address, device_id, payment_id, is_cancelled, created_at) VALUES (251, 7, 6, 'VIP', 'UZ', '195.158.155.2', 'device_2751', NULL, 0, '2026-03-08 20:53:15.183053');
INSERT INTO votes (id, user_id, blogger_id, vote_type, country, ip_address, device_id, payment_id, is_cancelled, created_at) VALUES (252, 11, 6, 'FREE', 'UZ', '195.158.41.178', 'device_2601', NULL, 0, '2026-03-04 14:09:15.183073');
INSERT INTO votes (id, user_id, blogger_id, vote_type, country, ip_address, device_id, payment_id, is_cancelled, created_at) VALUES (253, 8, 6, 'FREE', 'UZ', '195.158.186.94', 'device_2277', NULL, 0, '2026-02-28 23:19:15.183098');
INSERT INTO votes (id, user_id, blogger_id, vote_type, country, ip_address, device_id, payment_id, is_cancelled, created_at) VALUES (254, 3, 6, 'FREE', 'UZ', '195.158.93.13', 'device_6049', NULL, 0, '2026-03-01 08:42:15.183118');
INSERT INTO votes (id, user_id, blogger_id, vote_type, country, ip_address, device_id, payment_id, is_cancelled, created_at) VALUES (255, 9, 6, 'FREE', 'UZ', '195.158.185.233', 'device_1748', NULL, 0, '2026-03-15 11:35:15.183141');
INSERT INTO votes (id, user_id, blogger_id, vote_type, country, ip_address, device_id, payment_id, is_cancelled, created_at) VALUES (256, 11, 6, 'FREE', 'UZ', '195.158.40.212', 'device_6000', NULL, 0, '2026-03-06 16:21:15.183167');
INSERT INTO votes (id, user_id, blogger_id, vote_type, country, ip_address, device_id, payment_id, is_cancelled, created_at) VALUES (257, 11, 6, 'VIP', 'UZ', '195.158.232.103', 'device_9339', NULL, 0, '2026-03-10 14:17:15.183194');
INSERT INTO votes (id, user_id, blogger_id, vote_type, country, ip_address, device_id, payment_id, is_cancelled, created_at) VALUES (258, 3, 6, 'VIP', 'UZ', '195.158.153.106', 'device_8735', NULL, 0, '2026-03-12 06:20:15.183216');
INSERT INTO votes (id, user_id, blogger_id, vote_type, country, ip_address, device_id, payment_id, is_cancelled, created_at) VALUES (259, 10, 6, 'FREE', 'UZ', '195.158.181.52', 'device_7814', NULL, 0, '2026-03-08 00:21:15.183236');
INSERT INTO votes (id, user_id, blogger_id, vote_type, country, ip_address, device_id, payment_id, is_cancelled, created_at) VALUES (260, 8, 6, 'FREE', 'UZ', '195.158.94.13', 'device_4216', NULL, 0, '2026-03-11 21:01:15.183258');
INSERT INTO votes (id, user_id, blogger_id, vote_type, country, ip_address, device_id, payment_id, is_cancelled, created_at) VALUES (261, 7, 6, 'FREE', 'UZ', '195.158.63.59', 'device_4521', NULL, 0, '2026-03-11 08:59:15.183277');
INSERT INTO votes (id, user_id, blogger_id, vote_type, country, ip_address, device_id, payment_id, is_cancelled, created_at) VALUES (262, 5, 6, 'FREE', 'UZ', '195.158.227.153', 'device_5996', NULL, 0, '2026-03-14 08:27:15.183299');
INSERT INTO votes (id, user_id, blogger_id, vote_type, country, ip_address, device_id, payment_id, is_cancelled, created_at) VALUES (263, 6, 6, 'FREE', 'UZ', '195.158.202.76', 'device_1207', NULL, 0, '2026-03-14 21:10:15.183325');
INSERT INTO votes (id, user_id, blogger_id, vote_type, country, ip_address, device_id, payment_id, is_cancelled, created_at) VALUES (264, 10, 6, 'VIP', 'UZ', '195.158.82.166', 'device_7106', NULL, 0, '2026-03-14 19:54:15.183346');
INSERT INTO votes (id, user_id, blogger_id, vote_type, country, ip_address, device_id, payment_id, is_cancelled, created_at) VALUES (265, 7, 6, 'FREE', 'UZ', '195.158.123.244', 'device_5874', NULL, 0, '2026-03-11 10:08:15.183366');
INSERT INTO votes (id, user_id, blogger_id, vote_type, country, ip_address, device_id, payment_id, is_cancelled, created_at) VALUES (266, 5, 6, 'FREE', 'UZ', '195.158.53.103', 'device_8942', NULL, 0, '2026-03-12 15:05:15.183387');
INSERT INTO votes (id, user_id, blogger_id, vote_type, country, ip_address, device_id, payment_id, is_cancelled, created_at) VALUES (267, 5, 6, 'FREE', 'UZ', '195.158.145.105', 'device_7122', NULL, 0, '2026-03-09 22:27:15.183407');
INSERT INTO votes (id, user_id, blogger_id, vote_type, country, ip_address, device_id, payment_id, is_cancelled, created_at) VALUES (268, 11, 6, 'VIP', 'UZ', '195.158.65.26', 'device_5709', NULL, 0, '2026-03-07 19:01:15.183428');
INSERT INTO votes (id, user_id, blogger_id, vote_type, country, ip_address, device_id, payment_id, is_cancelled, created_at) VALUES (269, 8, 6, 'FREE', 'UZ', '195.158.16.222', 'device_6208', NULL, 0, '2026-03-04 06:31:15.183455');
INSERT INTO votes (id, user_id, blogger_id, vote_type, country, ip_address, device_id, payment_id, is_cancelled, created_at) VALUES (270, 6, 6, 'VIP', 'UZ', '195.158.211.33', 'device_5747', NULL, 0, '2026-03-10 17:42:15.183482');
INSERT INTO votes (id, user_id, blogger_id, vote_type, country, ip_address, device_id, payment_id, is_cancelled, created_at) VALUES (271, 8, 6, 'FREE', 'UZ', '195.158.70.229', 'device_1038', NULL, 0, '2026-03-01 13:16:15.183503');
INSERT INTO votes (id, user_id, blogger_id, vote_type, country, ip_address, device_id, payment_id, is_cancelled, created_at) VALUES (272, 6, 6, 'VIP', 'UZ', '195.158.15.90', 'device_6514', NULL, 0, '2026-03-07 00:39:15.183528');
INSERT INTO votes (id, user_id, blogger_id, vote_type, country, ip_address, device_id, payment_id, is_cancelled, created_at) VALUES (273, 2, 6, 'FREE', 'UZ', '195.158.238.28', 'device_7654', NULL, 0, '2026-03-10 19:59:15.183549');
INSERT INTO votes (id, user_id, blogger_id, vote_type, country, ip_address, device_id, payment_id, is_cancelled, created_at) VALUES (274, 5, 6, 'FREE', 'UZ', '195.158.16.62', 'device_6135', NULL, 0, '2026-03-04 20:53:15.183572');
INSERT INTO votes (id, user_id, blogger_id, vote_type, country, ip_address, device_id, payment_id, is_cancelled, created_at) VALUES (275, 7, 6, 'FREE', 'UZ', '195.158.157.19', 'device_4622', NULL, 0, '2026-03-08 03:01:15.183595');
INSERT INTO votes (id, user_id, blogger_id, vote_type, country, ip_address, device_id, payment_id, is_cancelled, created_at) VALUES (276, 6, 6, 'VIP', 'UZ', '195.158.251.206', 'device_2917', NULL, 0, '2026-03-10 04:03:15.183618');
INSERT INTO votes (id, user_id, blogger_id, vote_type, country, ip_address, device_id, payment_id, is_cancelled, created_at) VALUES (277, 6, 6, 'FREE', 'UZ', '195.158.69.190', 'device_4880', NULL, 0, '2026-02-28 20:42:15.183645');
INSERT INTO votes (id, user_id, blogger_id, vote_type, country, ip_address, device_id, payment_id, is_cancelled, created_at) VALUES (278, 8, 6, 'VIP', 'UZ', '195.158.183.234', 'device_6637', NULL, 0, '2026-03-14 17:17:15.183673');
INSERT INTO votes (id, user_id, blogger_id, vote_type, country, ip_address, device_id, payment_id, is_cancelled, created_at) VALUES (279, 9, 6, 'VIP', 'UZ', '195.158.136.178', 'device_7357', NULL, 0, '2026-03-10 06:27:15.183695');
INSERT INTO votes (id, user_id, blogger_id, vote_type, country, ip_address, device_id, payment_id, is_cancelled, created_at) VALUES (280, 9, 6, 'VIP', 'UZ', '195.158.42.11', 'device_9191', NULL, 0, '2026-03-13 01:43:15.183723');
INSERT INTO votes (id, user_id, blogger_id, vote_type, country, ip_address, device_id, payment_id, is_cancelled, created_at) VALUES (281, 6, 6, 'FREE', 'UZ', '195.158.50.4', 'device_6688', NULL, 0, '2026-03-08 19:36:15.183748');
INSERT INTO votes (id, user_id, blogger_id, vote_type, country, ip_address, device_id, payment_id, is_cancelled, created_at) VALUES (282, 5, 6, 'VIP', 'UZ', '195.158.191.203', 'device_5912', NULL, 0, '2026-03-07 15:51:15.183769');
INSERT INTO votes (id, user_id, blogger_id, vote_type, country, ip_address, device_id, payment_id, is_cancelled, created_at) VALUES (283, 11, 6, 'VIP', 'UZ', '195.158.198.216', 'device_8074', NULL, 0, '2026-03-05 23:00:15.183791');
INSERT INTO votes (id, user_id, blogger_id, vote_type, country, ip_address, device_id, payment_id, is_cancelled, created_at) VALUES (284, 3, 6, 'FREE', 'UZ', '195.158.86.88', 'device_4645', NULL, 0, '2026-03-07 08:12:15.183812');
INSERT INTO votes (id, user_id, blogger_id, vote_type, country, ip_address, device_id, payment_id, is_cancelled, created_at) VALUES (285, 8, 6, 'FREE', 'UZ', '195.158.113.169', 'device_6730', NULL, 0, '2026-03-09 19:47:15.183832');
INSERT INTO votes (id, user_id, blogger_id, vote_type, country, ip_address, device_id, payment_id, is_cancelled, created_at) VALUES (286, 4, 6, 'FREE', 'UZ', '195.158.44.30', 'device_4849', NULL, 0, '2026-03-12 22:04:15.183855');
INSERT INTO votes (id, user_id, blogger_id, vote_type, country, ip_address, device_id, payment_id, is_cancelled, created_at) VALUES (287, 5, 6, 'FREE', 'UZ', '195.158.235.157', 'device_4329', NULL, 0, '2026-03-04 18:22:15.183889');
INSERT INTO votes (id, user_id, blogger_id, vote_type, country, ip_address, device_id, payment_id, is_cancelled, created_at) VALUES (288, 5, 6, 'FREE', 'UZ', '195.158.211.120', 'device_3066', NULL, 0, '2026-03-07 22:28:15.183911');
INSERT INTO votes (id, user_id, blogger_id, vote_type, country, ip_address, device_id, payment_id, is_cancelled, created_at) VALUES (289, 3, 6, 'VIP', 'UZ', '195.158.164.87', 'device_2637', NULL, 0, '2026-03-02 22:34:15.183932');
INSERT INTO votes (id, user_id, blogger_id, vote_type, country, ip_address, device_id, payment_id, is_cancelled, created_at) VALUES (290, 4, 6, 'FREE', 'UZ', '195.158.39.113', 'device_6339', NULL, 0, '2026-03-13 14:38:15.183957');
INSERT INTO votes (id, user_id, blogger_id, vote_type, country, ip_address, device_id, payment_id, is_cancelled, created_at) VALUES (291, 2, 6, 'FREE', 'UZ', '195.158.185.89', 'device_6055', NULL, 0, '2026-03-12 04:03:15.183980');
INSERT INTO votes (id, user_id, blogger_id, vote_type, country, ip_address, device_id, payment_id, is_cancelled, created_at) VALUES (292, 6, 6, 'FREE', 'UZ', '195.158.147.184', 'device_6700', NULL, 0, '2026-03-08 07:32:15.184008');
INSERT INTO votes (id, user_id, blogger_id, vote_type, country, ip_address, device_id, payment_id, is_cancelled, created_at) VALUES (293, 11, 6, 'FREE', 'UZ', '195.158.97.213', 'device_2761', NULL, 0, '2026-03-13 06:04:15.184030');
INSERT INTO votes (id, user_id, blogger_id, vote_type, country, ip_address, device_id, payment_id, is_cancelled, created_at) VALUES (294, 2, 6, 'FREE', 'UZ', '195.158.81.95', 'device_6873', NULL, 0, '2026-03-03 17:14:15.184050');
INSERT INTO votes (id, user_id, blogger_id, vote_type, country, ip_address, device_id, payment_id, is_cancelled, created_at) VALUES (295, 6, 6, 'VIP', 'UZ', '195.158.179.36', 'device_9301', NULL, 0, '2026-03-07 16:48:15.184070');
INSERT INTO votes (id, user_id, blogger_id, vote_type, country, ip_address, device_id, payment_id, is_cancelled, created_at) VALUES (296, 6, 6, 'VIP', 'UZ', '195.158.20.26', 'device_4760', NULL, 0, '2026-03-01 08:11:15.184090');
INSERT INTO votes (id, user_id, blogger_id, vote_type, country, ip_address, device_id, payment_id, is_cancelled, created_at) VALUES (297, 4, 6, 'FREE', 'UZ', '195.158.192.89', 'device_9311', NULL, 0, '2026-03-08 04:20:15.184110');
INSERT INTO votes (id, user_id, blogger_id, vote_type, country, ip_address, device_id, payment_id, is_cancelled, created_at) VALUES (298, 9, 6, 'VIP', 'UZ', '195.158.255.19', 'device_5030', NULL, 0, '2026-03-07 00:36:15.184129');
INSERT INTO votes (id, user_id, blogger_id, vote_type, country, ip_address, device_id, payment_id, is_cancelled, created_at) VALUES (299, 5, 6, 'VIP', 'UZ', '195.158.197.34', 'device_7523', NULL, 0, '2026-03-03 20:20:15.184147');
INSERT INTO votes (id, user_id, blogger_id, vote_type, country, ip_address, device_id, payment_id, is_cancelled, created_at) VALUES (300, 4, 6, 'FREE', 'UZ', '195.158.87.134', 'device_4330', NULL, 0, '2026-03-15 20:59:15.184169');
INSERT INTO votes (id, user_id, blogger_id, vote_type, country, ip_address, device_id, payment_id, is_cancelled, created_at) VALUES (301, 7, 7, 'FREE', 'UZ', '195.158.213.109', 'device_6032', NULL, 0, '2026-03-16 15:53:15.184195');
INSERT INTO votes (id, user_id, blogger_id, vote_type, country, ip_address, device_id, payment_id, is_cancelled, created_at) VALUES (302, 2, 7, 'FREE', 'UZ', '195.158.163.49', 'device_9188', NULL, 0, '2026-03-03 11:26:15.184223');
INSERT INTO votes (id, user_id, blogger_id, vote_type, country, ip_address, device_id, payment_id, is_cancelled, created_at) VALUES (303, 7, 7, 'FREE', 'UZ', '195.158.13.119', 'device_8044', NULL, 0, '2026-03-01 22:41:15.184244');
INSERT INTO votes (id, user_id, blogger_id, vote_type, country, ip_address, device_id, payment_id, is_cancelled, created_at) VALUES (304, 11, 7, 'FREE', 'UZ', '195.158.207.201', 'device_5090', NULL, 0, '2026-03-13 01:56:15.184264');
INSERT INTO votes (id, user_id, blogger_id, vote_type, country, ip_address, device_id, payment_id, is_cancelled, created_at) VALUES (305, 8, 7, 'FREE', 'UZ', '195.158.136.101', 'device_8563', NULL, 0, '2026-03-04 11:27:15.184284');
INSERT INTO votes (id, user_id, blogger_id, vote_type, country, ip_address, device_id, payment_id, is_cancelled, created_at) VALUES (306, 2, 7, 'VIP', 'UZ', '195.158.209.173', 'device_9580', NULL, 0, '2026-03-12 13:12:15.184306');
INSERT INTO votes (id, user_id, blogger_id, vote_type, country, ip_address, device_id, payment_id, is_cancelled, created_at) VALUES (307, 5, 7, 'FREE', 'UZ', '195.158.56.4', 'device_6771', NULL, 0, '2026-03-15 12:38:15.184327');
INSERT INTO votes (id, user_id, blogger_id, vote_type, country, ip_address, device_id, payment_id, is_cancelled, created_at) VALUES (308, 9, 7, 'FREE', 'UZ', '195.158.230.48', 'device_4059', NULL, 0, '2026-03-13 15:29:15.184346');
INSERT INTO votes (id, user_id, blogger_id, vote_type, country, ip_address, device_id, payment_id, is_cancelled, created_at) VALUES (309, 7, 7, 'FREE', 'UZ', '195.158.117.237', 'device_1080', NULL, 0, '2026-03-15 12:53:15.184366');
INSERT INTO votes (id, user_id, blogger_id, vote_type, country, ip_address, device_id, payment_id, is_cancelled, created_at) VALUES (310, 7, 7, 'FREE', 'UZ', '195.158.237.109', 'device_6352', NULL, 0, '2026-03-05 11:22:15.184390');
INSERT INTO votes (id, user_id, blogger_id, vote_type, country, ip_address, device_id, payment_id, is_cancelled, created_at) VALUES (311, 10, 7, 'FREE', 'UZ', '195.158.32.246', 'device_5171', NULL, 0, '2026-03-13 19:54:15.184409');
INSERT INTO votes (id, user_id, blogger_id, vote_type, country, ip_address, device_id, payment_id, is_cancelled, created_at) VALUES (312, 2, 7, 'FREE', 'UZ', '195.158.221.36', 'device_2744', NULL, 0, '2026-03-01 22:20:15.184430');
INSERT INTO votes (id, user_id, blogger_id, vote_type, country, ip_address, device_id, payment_id, is_cancelled, created_at) VALUES (313, 4, 7, 'VIP', 'UZ', '195.158.39.166', 'device_4483', NULL, 0, '2026-03-06 06:41:15.184450');
INSERT INTO votes (id, user_id, blogger_id, vote_type, country, ip_address, device_id, payment_id, is_cancelled, created_at) VALUES (314, 4, 7, 'FREE', 'UZ', '195.158.59.219', 'device_9162', NULL, 0, '2026-03-08 21:26:15.184471');
INSERT INTO votes (id, user_id, blogger_id, vote_type, country, ip_address, device_id, payment_id, is_cancelled, created_at) VALUES (315, 2, 7, 'FREE', 'UZ', '195.158.133.254', 'device_9768', NULL, 0, '2026-03-03 03:17:15.184493');
INSERT INTO votes (id, user_id, blogger_id, vote_type, country, ip_address, device_id, payment_id, is_cancelled, created_at) VALUES (316, 2, 7, 'VIP', 'UZ', '195.158.60.252', 'device_1819', NULL, 0, '2026-03-12 16:12:15.184512');
INSERT INTO votes (id, user_id, blogger_id, vote_type, country, ip_address, device_id, payment_id, is_cancelled, created_at) VALUES (317, 9, 7, 'FREE', 'UZ', '195.158.191.97', 'device_3750', NULL, 0, '2026-03-01 21:26:15.184531');
INSERT INTO votes (id, user_id, blogger_id, vote_type, country, ip_address, device_id, payment_id, is_cancelled, created_at) VALUES (318, 8, 7, 'FREE', 'UZ', '195.158.150.2', 'device_9591', NULL, 0, '2026-03-07 04:23:15.184551');
INSERT INTO votes (id, user_id, blogger_id, vote_type, country, ip_address, device_id, payment_id, is_cancelled, created_at) VALUES (319, 9, 7, 'VIP', 'UZ', '195.158.52.174', 'device_6919', NULL, 0, '2026-03-07 21:57:15.184570');
INSERT INTO votes (id, user_id, blogger_id, vote_type, country, ip_address, device_id, payment_id, is_cancelled, created_at) VALUES (320, 8, 7, 'FREE', 'UZ', '195.158.35.237', 'device_1266', NULL, 0, '2026-03-16 06:05:15.184590');
INSERT INTO votes (id, user_id, blogger_id, vote_type, country, ip_address, device_id, payment_id, is_cancelled, created_at) VALUES (321, 4, 7, 'VIP', 'UZ', '195.158.225.126', 'device_5577', NULL, 0, '2026-03-10 12:58:15.184609');
INSERT INTO votes (id, user_id, blogger_id, vote_type, country, ip_address, device_id, payment_id, is_cancelled, created_at) VALUES (322, 7, 7, 'VIP', 'UZ', '195.158.98.84', 'device_7437', NULL, 0, '2026-03-02 17:36:15.184633');
INSERT INTO votes (id, user_id, blogger_id, vote_type, country, ip_address, device_id, payment_id, is_cancelled, created_at) VALUES (323, 4, 7, 'FREE', 'UZ', '195.158.234.32', 'device_1587', NULL, 0, '2026-03-08 00:07:15.184654');
INSERT INTO votes (id, user_id, blogger_id, vote_type, country, ip_address, device_id, payment_id, is_cancelled, created_at) VALUES (324, 8, 7, 'FREE', 'UZ', '195.158.20.175', 'device_3162', NULL, 0, '2026-03-13 05:11:15.184674');
INSERT INTO votes (id, user_id, blogger_id, vote_type, country, ip_address, device_id, payment_id, is_cancelled, created_at) VALUES (325, 3, 7, 'FREE', 'UZ', '195.158.6.11', 'device_8304', NULL, 0, '2026-03-09 19:04:15.184700');
INSERT INTO votes (id, user_id, blogger_id, vote_type, country, ip_address, device_id, payment_id, is_cancelled, created_at) VALUES (326, 3, 7, 'FREE', 'UZ', '195.158.10.246', 'device_3248', NULL, 0, '2026-03-08 21:00:15.184723');
INSERT INTO votes (id, user_id, blogger_id, vote_type, country, ip_address, device_id, payment_id, is_cancelled, created_at) VALUES (327, 6, 7, 'FREE', 'UZ', '195.158.140.211', 'device_6788', NULL, 0, '2026-03-04 02:47:15.184817');
INSERT INTO votes (id, user_id, blogger_id, vote_type, country, ip_address, device_id, payment_id, is_cancelled, created_at) VALUES (328, 7, 7, 'FREE', 'UZ', '195.158.3.24', 'device_3640', NULL, 0, '2026-03-06 15:29:15.184846');
INSERT INTO votes (id, user_id, blogger_id, vote_type, country, ip_address, device_id, payment_id, is_cancelled, created_at) VALUES (329, 11, 7, 'FREE', 'UZ', '195.158.82.70', 'device_3722', NULL, 0, '2026-03-08 15:00:15.184865');
INSERT INTO votes (id, user_id, blogger_id, vote_type, country, ip_address, device_id, payment_id, is_cancelled, created_at) VALUES (330, 8, 7, 'VIP', 'UZ', '195.158.90.168', 'device_3356', NULL, 0, '2026-03-07 20:21:15.184885');
INSERT INTO votes (id, user_id, blogger_id, vote_type, country, ip_address, device_id, payment_id, is_cancelled, created_at) VALUES (331, 9, 7, 'FREE', 'UZ', '195.158.54.71', 'device_3593', NULL, 0, '2026-03-08 19:27:15.184903');
INSERT INTO votes (id, user_id, blogger_id, vote_type, country, ip_address, device_id, payment_id, is_cancelled, created_at) VALUES (332, 11, 7, 'FREE', 'UZ', '195.158.162.21', 'device_2394', NULL, 0, '2026-03-10 00:24:15.184922');
INSERT INTO votes (id, user_id, blogger_id, vote_type, country, ip_address, device_id, payment_id, is_cancelled, created_at) VALUES (333, 9, 7, 'VIP', 'UZ', '195.158.173.4', 'device_7556', NULL, 0, '2026-03-02 01:20:15.184941');
INSERT INTO votes (id, user_id, blogger_id, vote_type, country, ip_address, device_id, payment_id, is_cancelled, created_at) VALUES (334, 11, 7, 'FREE', 'UZ', '195.158.147.131', 'device_3915', NULL, 0, '2026-03-12 02:00:15.184962');
INSERT INTO votes (id, user_id, blogger_id, vote_type, country, ip_address, device_id, payment_id, is_cancelled, created_at) VALUES (335, 2, 7, 'VIP', 'UZ', '195.158.30.217', 'device_1895', NULL, 0, '2026-03-12 11:39:15.184982');
INSERT INTO votes (id, user_id, blogger_id, vote_type, country, ip_address, device_id, payment_id, is_cancelled, created_at) VALUES (336, 5, 7, 'FREE', 'UZ', '195.158.30.243', 'device_5241', NULL, 0, '2026-03-02 08:49:15.185002');
INSERT INTO votes (id, user_id, blogger_id, vote_type, country, ip_address, device_id, payment_id, is_cancelled, created_at) VALUES (337, 10, 7, 'FREE', 'UZ', '195.158.246.72', 'device_9216', NULL, 0, '2026-03-05 19:46:15.185021');
INSERT INTO votes (id, user_id, blogger_id, vote_type, country, ip_address, device_id, payment_id, is_cancelled, created_at) VALUES (338, 5, 7, 'FREE', 'UZ', '195.158.219.175', 'device_7918', NULL, 0, '2026-03-06 21:19:15.185042');
INSERT INTO votes (id, user_id, blogger_id, vote_type, country, ip_address, device_id, payment_id, is_cancelled, created_at) VALUES (339, 11, 7, 'FREE', 'UZ', '195.158.20.4', 'device_4617', NULL, 0, '2026-03-02 07:14:15.185061');
INSERT INTO votes (id, user_id, blogger_id, vote_type, country, ip_address, device_id, payment_id, is_cancelled, created_at) VALUES (340, 5, 7, 'FREE', 'UZ', '195.158.71.102', 'device_5511', NULL, 0, '2026-03-14 00:04:15.185080');
INSERT INTO votes (id, user_id, blogger_id, vote_type, country, ip_address, device_id, payment_id, is_cancelled, created_at) VALUES (341, 9, 7, 'FREE', 'UZ', '195.158.85.31', 'device_6706', NULL, 0, '2026-03-11 17:34:15.185100');
INSERT INTO votes (id, user_id, blogger_id, vote_type, country, ip_address, device_id, payment_id, is_cancelled, created_at) VALUES (342, 6, 7, 'FREE', 'UZ', '195.158.227.126', 'device_9445', NULL, 0, '2026-03-12 10:48:15.185120');
INSERT INTO votes (id, user_id, blogger_id, vote_type, country, ip_address, device_id, payment_id, is_cancelled, created_at) VALUES (343, 5, 7, 'FREE', 'UZ', '195.158.223.250', 'device_6641', NULL, 0, '2026-03-11 08:12:15.185144');
INSERT INTO votes (id, user_id, blogger_id, vote_type, country, ip_address, device_id, payment_id, is_cancelled, created_at) VALUES (344, 8, 7, 'VIP', 'UZ', '195.158.45.145', 'device_8770', NULL, 0, '2026-03-08 21:29:15.185163');
INSERT INTO votes (id, user_id, blogger_id, vote_type, country, ip_address, device_id, payment_id, is_cancelled, created_at) VALUES (345, 11, 7, 'FREE', 'UZ', '195.158.51.9', 'device_1831', NULL, 0, '2026-03-11 14:14:15.185183');
INSERT INTO votes (id, user_id, blogger_id, vote_type, country, ip_address, device_id, payment_id, is_cancelled, created_at) VALUES (346, 11, 7, 'FREE', 'UZ', '195.158.233.219', 'device_4968', NULL, 0, '2026-03-14 01:53:15.185202');
INSERT INTO votes (id, user_id, blogger_id, vote_type, country, ip_address, device_id, payment_id, is_cancelled, created_at) VALUES (347, 2, 7, 'FREE', 'UZ', '195.158.39.92', 'device_6757', NULL, 0, '2026-03-12 15:17:15.185225');
INSERT INTO votes (id, user_id, blogger_id, vote_type, country, ip_address, device_id, payment_id, is_cancelled, created_at) VALUES (348, 6, 7, 'VIP', 'UZ', '195.158.166.162', 'device_7895', NULL, 0, '2026-03-05 20:58:15.185253');
INSERT INTO votes (id, user_id, blogger_id, vote_type, country, ip_address, device_id, payment_id, is_cancelled, created_at) VALUES (349, 10, 7, 'VIP', 'UZ', '195.158.210.200', 'device_6897', NULL, 0, '2026-03-14 07:32:15.185285');
INSERT INTO votes (id, user_id, blogger_id, vote_type, country, ip_address, device_id, payment_id, is_cancelled, created_at) VALUES (350, 5, 7, 'VIP', 'UZ', '195.158.170.53', 'device_6396', NULL, 0, '2026-03-14 12:45:15.185322');
INSERT INTO votes (id, user_id, blogger_id, vote_type, country, ip_address, device_id, payment_id, is_cancelled, created_at) VALUES (351, 10, 8, 'FREE', 'UZ', '195.158.129.209', 'device_9529', NULL, 0, '2026-03-14 00:11:15.185365');
INSERT INTO votes (id, user_id, blogger_id, vote_type, country, ip_address, device_id, payment_id, is_cancelled, created_at) VALUES (352, 8, 8, 'FREE', 'UZ', '195.158.229.174', 'device_2538', NULL, 0, '2026-03-02 04:28:15.185401');
INSERT INTO votes (id, user_id, blogger_id, vote_type, country, ip_address, device_id, payment_id, is_cancelled, created_at) VALUES (353, 3, 8, 'FREE', 'UZ', '195.158.226.131', 'device_7092', NULL, 0, '2026-03-14 19:41:15.185426');
INSERT INTO votes (id, user_id, blogger_id, vote_type, country, ip_address, device_id, payment_id, is_cancelled, created_at) VALUES (354, 6, 8, 'FREE', 'UZ', '195.158.241.110', 'device_1809', NULL, 0, '2026-03-13 10:56:15.185461');
INSERT INTO votes (id, user_id, blogger_id, vote_type, country, ip_address, device_id, payment_id, is_cancelled, created_at) VALUES (355, 2, 8, 'VIP', 'UZ', '195.158.188.35', 'device_8351', NULL, 0, '2026-03-09 06:59:15.185490');
INSERT INTO votes (id, user_id, blogger_id, vote_type, country, ip_address, device_id, payment_id, is_cancelled, created_at) VALUES (356, 2, 8, 'FREE', 'UZ', '195.158.248.227', 'device_1367', NULL, 0, '2026-03-05 02:58:15.185517');
INSERT INTO votes (id, user_id, blogger_id, vote_type, country, ip_address, device_id, payment_id, is_cancelled, created_at) VALUES (357, 6, 8, 'VIP', 'UZ', '195.158.32.113', 'device_7753', NULL, 0, '2026-03-11 19:04:15.185543');
INSERT INTO votes (id, user_id, blogger_id, vote_type, country, ip_address, device_id, payment_id, is_cancelled, created_at) VALUES (358, 8, 8, 'FREE', 'UZ', '195.158.135.36', 'device_8889', NULL, 0, '2026-03-07 22:38:15.185571');
INSERT INTO votes (id, user_id, blogger_id, vote_type, country, ip_address, device_id, payment_id, is_cancelled, created_at) VALUES (359, 6, 8, 'FREE', 'UZ', '195.158.165.34', 'device_4769', NULL, 0, '2026-03-04 06:59:15.185598');
INSERT INTO votes (id, user_id, blogger_id, vote_type, country, ip_address, device_id, payment_id, is_cancelled, created_at) VALUES (360, 5, 8, 'FREE', 'UZ', '195.158.212.11', 'device_5889', NULL, 0, '2026-03-05 05:16:15.185630');
INSERT INTO votes (id, user_id, blogger_id, vote_type, country, ip_address, device_id, payment_id, is_cancelled, created_at) VALUES (361, 5, 8, 'FREE', 'UZ', '195.158.250.248', 'device_2551', NULL, 0, '2026-03-16 05:54:15.185658');
INSERT INTO votes (id, user_id, blogger_id, vote_type, country, ip_address, device_id, payment_id, is_cancelled, created_at) VALUES (362, 6, 8, 'FREE', 'UZ', '195.158.132.249', 'device_6837', NULL, 0, '2026-03-02 12:36:15.185680');
INSERT INTO votes (id, user_id, blogger_id, vote_type, country, ip_address, device_id, payment_id, is_cancelled, created_at) VALUES (363, 6, 8, 'FREE', 'UZ', '195.158.102.122', 'device_8794', NULL, 0, '2026-03-08 22:27:15.185704');
INSERT INTO votes (id, user_id, blogger_id, vote_type, country, ip_address, device_id, payment_id, is_cancelled, created_at) VALUES (364, 2, 8, 'FREE', 'UZ', '195.158.231.220', 'device_1895', NULL, 0, '2026-03-09 03:24:15.185729');
INSERT INTO votes (id, user_id, blogger_id, vote_type, country, ip_address, device_id, payment_id, is_cancelled, created_at) VALUES (365, 11, 8, 'FREE', 'UZ', '195.158.125.78', 'device_3175', NULL, 0, '2026-03-09 07:24:15.185753');
INSERT INTO votes (id, user_id, blogger_id, vote_type, country, ip_address, device_id, payment_id, is_cancelled, created_at) VALUES (366, 11, 8, 'FREE', 'UZ', '195.158.109.61', 'device_3244', NULL, 0, '2026-03-01 07:25:15.185787');
INSERT INTO votes (id, user_id, blogger_id, vote_type, country, ip_address, device_id, payment_id, is_cancelled, created_at) VALUES (367, 8, 8, 'FREE', 'UZ', '195.158.70.166', 'device_6288', NULL, 0, '2026-03-16 18:23:15.185815');
INSERT INTO votes (id, user_id, blogger_id, vote_type, country, ip_address, device_id, payment_id, is_cancelled, created_at) VALUES (368, 8, 8, 'FREE', 'UZ', '195.158.155.231', 'device_2245', NULL, 0, '2026-03-04 17:38:15.185838');
INSERT INTO votes (id, user_id, blogger_id, vote_type, country, ip_address, device_id, payment_id, is_cancelled, created_at) VALUES (369, 6, 8, 'FREE', 'UZ', '195.158.153.96', 'device_4036', NULL, 0, '2026-03-07 12:33:15.185858');
INSERT INTO votes (id, user_id, blogger_id, vote_type, country, ip_address, device_id, payment_id, is_cancelled, created_at) VALUES (370, 9, 8, 'FREE', 'UZ', '195.158.158.75', 'device_9102', NULL, 0, '2026-03-14 01:38:15.185893');
INSERT INTO votes (id, user_id, blogger_id, vote_type, country, ip_address, device_id, payment_id, is_cancelled, created_at) VALUES (371, 7, 8, 'FREE', 'UZ', '195.158.128.136', 'device_4382', NULL, 0, '2026-03-07 01:33:15.185916');
INSERT INTO votes (id, user_id, blogger_id, vote_type, country, ip_address, device_id, payment_id, is_cancelled, created_at) VALUES (372, 5, 8, 'FREE', 'UZ', '195.158.46.87', 'device_9599', NULL, 0, '2026-03-10 23:03:15.185941');
INSERT INTO votes (id, user_id, blogger_id, vote_type, country, ip_address, device_id, payment_id, is_cancelled, created_at) VALUES (373, 9, 8, 'FREE', 'UZ', '195.158.29.15', 'device_4018', NULL, 0, '2026-03-01 05:33:15.185966');
INSERT INTO votes (id, user_id, blogger_id, vote_type, country, ip_address, device_id, payment_id, is_cancelled, created_at) VALUES (374, 3, 8, 'FREE', 'UZ', '195.158.45.42', 'device_5563', NULL, 0, '2026-03-14 14:16:15.185993');
INSERT INTO votes (id, user_id, blogger_id, vote_type, country, ip_address, device_id, payment_id, is_cancelled, created_at) VALUES (375, 7, 8, 'FREE', 'UZ', '195.158.251.242', 'device_8867', NULL, 0, '2026-03-14 11:12:15.186017');
INSERT INTO votes (id, user_id, blogger_id, vote_type, country, ip_address, device_id, payment_id, is_cancelled, created_at) VALUES (376, 11, 8, 'FREE', 'UZ', '195.158.11.40', 'device_3939', NULL, 0, '2026-03-07 17:51:15.186040');
INSERT INTO votes (id, user_id, blogger_id, vote_type, country, ip_address, device_id, payment_id, is_cancelled, created_at) VALUES (377, 11, 8, 'FREE', 'UZ', '195.158.131.220', 'device_3401', NULL, 0, '2026-03-04 02:24:15.186064');
INSERT INTO votes (id, user_id, blogger_id, vote_type, country, ip_address, device_id, payment_id, is_cancelled, created_at) VALUES (378, 2, 8, 'FREE', 'UZ', '195.158.22.29', 'device_4147', NULL, 0, '2026-03-06 06:55:15.186095');
INSERT INTO votes (id, user_id, blogger_id, vote_type, country, ip_address, device_id, payment_id, is_cancelled, created_at) VALUES (379, 8, 8, 'FREE', 'UZ', '195.158.62.160', 'device_3994', NULL, 0, '2026-03-15 22:25:15.186122');
INSERT INTO votes (id, user_id, blogger_id, vote_type, country, ip_address, device_id, payment_id, is_cancelled, created_at) VALUES (380, 9, 8, 'FREE', 'UZ', '195.158.251.14', 'device_5725', NULL, 0, '2026-03-14 00:39:15.186146');
INSERT INTO votes (id, user_id, blogger_id, vote_type, country, ip_address, device_id, payment_id, is_cancelled, created_at) VALUES (381, 11, 8, 'FREE', 'UZ', '195.158.194.222', 'device_7858', NULL, 0, '2026-03-16 04:27:15.186170');
INSERT INTO votes (id, user_id, blogger_id, vote_type, country, ip_address, device_id, payment_id, is_cancelled, created_at) VALUES (382, 5, 8, 'FREE', 'UZ', '195.158.175.169', 'device_9405', NULL, 0, '2026-03-02 03:59:15.186194');
INSERT INTO votes (id, user_id, blogger_id, vote_type, country, ip_address, device_id, payment_id, is_cancelled, created_at) VALUES (383, 4, 8, 'FREE', 'UZ', '195.158.201.45', 'device_3396', NULL, 0, '2026-03-08 11:29:15.186218');
INSERT INTO votes (id, user_id, blogger_id, vote_type, country, ip_address, device_id, payment_id, is_cancelled, created_at) VALUES (384, 6, 8, 'FREE', 'UZ', '195.158.91.117', 'device_9999', NULL, 0, '2026-03-13 15:20:15.186243');
INSERT INTO votes (id, user_id, blogger_id, vote_type, country, ip_address, device_id, payment_id, is_cancelled, created_at) VALUES (385, 2, 8, 'FREE', 'UZ', '195.158.140.107', 'device_6020', NULL, 0, '2026-03-01 06:20:15.186265');
INSERT INTO votes (id, user_id, blogger_id, vote_type, country, ip_address, device_id, payment_id, is_cancelled, created_at) VALUES (386, 2, 8, 'FREE', 'UZ', '195.158.205.204', 'device_5373', NULL, 0, '2026-03-12 01:44:15.186292');
INSERT INTO votes (id, user_id, blogger_id, vote_type, country, ip_address, device_id, payment_id, is_cancelled, created_at) VALUES (387, 7, 8, 'FREE', 'UZ', '195.158.48.195', 'device_2514', NULL, 0, '2026-03-03 21:28:15.186318');
INSERT INTO votes (id, user_id, blogger_id, vote_type, country, ip_address, device_id, payment_id, is_cancelled, created_at) VALUES (388, 3, 8, 'FREE', 'UZ', '195.158.152.219', 'device_9334', NULL, 0, '2026-03-16 02:44:15.186340');
INSERT INTO votes (id, user_id, blogger_id, vote_type, country, ip_address, device_id, payment_id, is_cancelled, created_at) VALUES (389, 9, 8, 'FREE', 'UZ', '195.158.82.209', 'device_6969', NULL, 0, '2026-03-09 17:57:15.186360');
INSERT INTO votes (id, user_id, blogger_id, vote_type, country, ip_address, device_id, payment_id, is_cancelled, created_at) VALUES (390, 5, 8, 'FREE', 'UZ', '195.158.144.223', 'device_4689', NULL, 0, '2026-03-04 19:36:15.186379');
INSERT INTO votes (id, user_id, blogger_id, vote_type, country, ip_address, device_id, payment_id, is_cancelled, created_at) VALUES (391, 7, 8, 'FREE', 'UZ', '195.158.211.84', 'device_4738', NULL, 0, '2026-03-04 17:35:15.186403');
INSERT INTO votes (id, user_id, blogger_id, vote_type, country, ip_address, device_id, payment_id, is_cancelled, created_at) VALUES (392, 2, 8, 'VIP', 'UZ', '195.158.147.28', 'device_4822', NULL, 0, '2026-03-13 09:43:15.186424');
INSERT INTO votes (id, user_id, blogger_id, vote_type, country, ip_address, device_id, payment_id, is_cancelled, created_at) VALUES (393, 3, 8, 'FREE', 'UZ', '195.158.64.60', 'device_8749', NULL, 0, '2026-03-15 05:25:15.186444');
INSERT INTO votes (id, user_id, blogger_id, vote_type, country, ip_address, device_id, payment_id, is_cancelled, created_at) VALUES (394, 3, 8, 'FREE', 'UZ', '195.158.202.207', 'device_8847', NULL, 0, '2026-03-12 19:23:15.186470');
INSERT INTO votes (id, user_id, blogger_id, vote_type, country, ip_address, device_id, payment_id, is_cancelled, created_at) VALUES (395, 2, 8, 'FREE', 'UZ', '195.158.5.195', 'device_7909', NULL, 0, '2026-03-10 06:16:15.186490');
INSERT INTO votes (id, user_id, blogger_id, vote_type, country, ip_address, device_id, payment_id, is_cancelled, created_at) VALUES (396, 11, 8, 'FREE', 'UZ', '195.158.14.253', 'device_2264', NULL, 0, '2026-03-06 10:03:15.186513');
INSERT INTO votes (id, user_id, blogger_id, vote_type, country, ip_address, device_id, payment_id, is_cancelled, created_at) VALUES (397, 5, 8, 'FREE', 'UZ', '195.158.195.185', 'device_9310', NULL, 0, '2026-03-11 21:57:15.186534');
INSERT INTO votes (id, user_id, blogger_id, vote_type, country, ip_address, device_id, payment_id, is_cancelled, created_at) VALUES (398, 7, 8, 'FREE', 'UZ', '195.158.19.162', 'device_8247', NULL, 0, '2026-03-10 12:41:15.186556');
INSERT INTO votes (id, user_id, blogger_id, vote_type, country, ip_address, device_id, payment_id, is_cancelled, created_at) VALUES (399, 10, 8, 'VIP', 'UZ', '195.158.225.28', 'device_7263', NULL, 0, '2026-03-13 23:39:15.186579');
INSERT INTO votes (id, user_id, blogger_id, vote_type, country, ip_address, device_id, payment_id, is_cancelled, created_at) VALUES (400, 10, 8, 'VIP', 'UZ', '195.158.34.206', 'device_9473', NULL, 0, '2026-03-12 22:00:15.186604');
INSERT INTO votes (id, user_id, blogger_id, vote_type, country, ip_address, device_id, payment_id, is_cancelled, created_at) VALUES (401, 6, 9, 'FREE', 'UZ', '195.158.57.57', 'device_3678', NULL, 0, '2026-03-03 04:20:15.186631');
INSERT INTO votes (id, user_id, blogger_id, vote_type, country, ip_address, device_id, payment_id, is_cancelled, created_at) VALUES (402, 3, 9, 'FREE', 'UZ', '195.158.54.90', 'device_2038', NULL, 0, '2026-03-08 12:15:15.186651');
INSERT INTO votes (id, user_id, blogger_id, vote_type, country, ip_address, device_id, payment_id, is_cancelled, created_at) VALUES (403, 6, 9, 'VIP', 'UZ', '195.158.219.160', 'device_3111', NULL, 0, '2026-03-04 05:09:15.186672');
INSERT INTO votes (id, user_id, blogger_id, vote_type, country, ip_address, device_id, payment_id, is_cancelled, created_at) VALUES (404, 7, 9, 'FREE', 'UZ', '195.158.14.139', 'device_5230', NULL, 0, '2026-03-04 18:36:15.186692');
INSERT INTO votes (id, user_id, blogger_id, vote_type, country, ip_address, device_id, payment_id, is_cancelled, created_at) VALUES (405, 9, 9, 'FREE', 'UZ', '195.158.207.189', 'device_6228', NULL, 0, '2026-03-16 08:44:15.186711');
INSERT INTO votes (id, user_id, blogger_id, vote_type, country, ip_address, device_id, payment_id, is_cancelled, created_at) VALUES (406, 4, 9, 'FREE', 'UZ', '195.158.221.180', 'device_9411', NULL, 0, '2026-03-15 21:10:15.186731');
INSERT INTO votes (id, user_id, blogger_id, vote_type, country, ip_address, device_id, payment_id, is_cancelled, created_at) VALUES (407, 10, 9, 'FREE', 'UZ', '195.158.25.51', 'device_7929', NULL, 0, '2026-03-03 23:37:15.186751');
INSERT INTO votes (id, user_id, blogger_id, vote_type, country, ip_address, device_id, payment_id, is_cancelled, created_at) VALUES (408, 10, 9, 'FREE', 'UZ', '195.158.103.166', 'device_4914', NULL, 0, '2026-03-06 07:42:15.186774');
INSERT INTO votes (id, user_id, blogger_id, vote_type, country, ip_address, device_id, payment_id, is_cancelled, created_at) VALUES (409, 11, 9, 'FREE', 'UZ', '195.158.118.76', 'device_5978', NULL, 0, '2026-03-07 05:13:15.186797');
INSERT INTO votes (id, user_id, blogger_id, vote_type, country, ip_address, device_id, payment_id, is_cancelled, created_at) VALUES (410, 4, 9, 'FREE', 'UZ', '195.158.76.207', 'device_6484', NULL, 0, '2026-03-14 08:34:15.186824');
INSERT INTO votes (id, user_id, blogger_id, vote_type, country, ip_address, device_id, payment_id, is_cancelled, created_at) VALUES (411, 11, 9, 'FREE', 'UZ', '195.158.48.159', 'device_8518', NULL, 0, '2026-03-05 10:52:15.186847');
INSERT INTO votes (id, user_id, blogger_id, vote_type, country, ip_address, device_id, payment_id, is_cancelled, created_at) VALUES (412, 7, 9, 'FREE', 'UZ', '195.158.138.14', 'device_7670', NULL, 0, '2026-03-12 11:34:15.186873');
INSERT INTO votes (id, user_id, blogger_id, vote_type, country, ip_address, device_id, payment_id, is_cancelled, created_at) VALUES (413, 4, 9, 'FREE', 'UZ', '195.158.2.86', 'device_2404', NULL, 0, '2026-03-10 19:59:15.186894');
INSERT INTO votes (id, user_id, blogger_id, vote_type, country, ip_address, device_id, payment_id, is_cancelled, created_at) VALUES (414, 11, 9, 'VIP', 'UZ', '195.158.250.230', 'device_8828', NULL, 0, '2026-03-14 21:06:15.186913');
INSERT INTO votes (id, user_id, blogger_id, vote_type, country, ip_address, device_id, payment_id, is_cancelled, created_at) VALUES (415, 6, 9, 'VIP', 'UZ', '195.158.123.210', 'device_4415', NULL, 0, '2026-03-08 13:52:15.186936');
INSERT INTO votes (id, user_id, blogger_id, vote_type, country, ip_address, device_id, payment_id, is_cancelled, created_at) VALUES (416, 9, 9, 'FREE', 'UZ', '195.158.229.171', 'device_1346', NULL, 0, '2026-03-01 00:15:15.186957');
INSERT INTO votes (id, user_id, blogger_id, vote_type, country, ip_address, device_id, payment_id, is_cancelled, created_at) VALUES (417, 5, 9, 'FREE', 'UZ', '195.158.253.124', 'device_6228', NULL, 0, '2026-03-14 10:57:15.186978');
INSERT INTO votes (id, user_id, blogger_id, vote_type, country, ip_address, device_id, payment_id, is_cancelled, created_at) VALUES (418, 10, 9, 'FREE', 'UZ', '195.158.179.56', 'device_9821', NULL, 0, '2026-03-06 12:49:15.187007');
INSERT INTO votes (id, user_id, blogger_id, vote_type, country, ip_address, device_id, payment_id, is_cancelled, created_at) VALUES (419, 7, 9, 'VIP', 'UZ', '195.158.202.151', 'device_8897', NULL, 0, '2026-03-04 12:48:15.187036');
INSERT INTO votes (id, user_id, blogger_id, vote_type, country, ip_address, device_id, payment_id, is_cancelled, created_at) VALUES (420, 4, 9, 'FREE', 'UZ', '195.158.178.59', 'device_1353', NULL, 0, '2026-03-08 13:53:15.187066');
INSERT INTO votes (id, user_id, blogger_id, vote_type, country, ip_address, device_id, payment_id, is_cancelled, created_at) VALUES (421, 11, 9, 'FREE', 'UZ', '195.158.148.46', 'device_4080', NULL, 0, '2026-03-12 21:55:15.187086');
INSERT INTO votes (id, user_id, blogger_id, vote_type, country, ip_address, device_id, payment_id, is_cancelled, created_at) VALUES (422, 7, 9, 'FREE', 'UZ', '195.158.19.194', 'device_1185', NULL, 0, '2026-03-15 11:56:15.187105');
INSERT INTO votes (id, user_id, blogger_id, vote_type, country, ip_address, device_id, payment_id, is_cancelled, created_at) VALUES (423, 7, 9, 'VIP', 'UZ', '195.158.124.197', 'device_1593', NULL, 0, '2026-03-13 10:54:15.187124');
INSERT INTO votes (id, user_id, blogger_id, vote_type, country, ip_address, device_id, payment_id, is_cancelled, created_at) VALUES (424, 5, 9, 'VIP', 'UZ', '195.158.240.236', 'device_3033', NULL, 0, '2026-03-06 04:43:15.187143');
INSERT INTO votes (id, user_id, blogger_id, vote_type, country, ip_address, device_id, payment_id, is_cancelled, created_at) VALUES (425, 11, 9, 'VIP', 'UZ', '195.158.235.155', 'device_2641', NULL, 0, '2026-03-11 18:40:15.187163');
INSERT INTO votes (id, user_id, blogger_id, vote_type, country, ip_address, device_id, payment_id, is_cancelled, created_at) VALUES (426, 6, 9, 'VIP', 'UZ', '195.158.50.175', 'device_1542', NULL, 0, '2026-03-02 03:44:15.187199');
INSERT INTO votes (id, user_id, blogger_id, vote_type, country, ip_address, device_id, payment_id, is_cancelled, created_at) VALUES (427, 4, 9, 'FREE', 'UZ', '195.158.79.211', 'device_5239', NULL, 0, '2026-03-15 07:17:15.187218');
INSERT INTO votes (id, user_id, blogger_id, vote_type, country, ip_address, device_id, payment_id, is_cancelled, created_at) VALUES (428, 9, 9, 'FREE', 'UZ', '195.158.44.43', 'device_7209', NULL, 0, '2026-03-15 20:06:15.187240');
INSERT INTO votes (id, user_id, blogger_id, vote_type, country, ip_address, device_id, payment_id, is_cancelled, created_at) VALUES (429, 7, 9, 'FREE', 'UZ', '195.158.176.43', 'device_8135', NULL, 0, '2026-03-05 19:00:15.187260');
INSERT INTO votes (id, user_id, blogger_id, vote_type, country, ip_address, device_id, payment_id, is_cancelled, created_at) VALUES (430, 5, 9, 'FREE', 'UZ', '195.158.225.50', 'device_4889', NULL, 0, '2026-03-15 16:49:15.187291');
INSERT INTO votes (id, user_id, blogger_id, vote_type, country, ip_address, device_id, payment_id, is_cancelled, created_at) VALUES (431, 8, 9, 'FREE', 'UZ', '195.158.225.25', 'device_4732', NULL, 0, '2026-03-08 18:14:15.187311');
INSERT INTO votes (id, user_id, blogger_id, vote_type, country, ip_address, device_id, payment_id, is_cancelled, created_at) VALUES (432, 11, 9, 'FREE', 'UZ', '195.158.211.148', 'device_1488', NULL, 0, '2026-03-08 23:35:15.187334');
INSERT INTO votes (id, user_id, blogger_id, vote_type, country, ip_address, device_id, payment_id, is_cancelled, created_at) VALUES (433, 5, 9, 'FREE', 'UZ', '195.158.42.234', 'device_1181', NULL, 0, '2026-03-14 04:47:15.187356');
INSERT INTO votes (id, user_id, blogger_id, vote_type, country, ip_address, device_id, payment_id, is_cancelled, created_at) VALUES (434, 8, 9, 'FREE', 'UZ', '195.158.85.92', 'device_7217', NULL, 0, '2026-03-13 03:51:15.187375');
INSERT INTO votes (id, user_id, blogger_id, vote_type, country, ip_address, device_id, payment_id, is_cancelled, created_at) VALUES (435, 8, 9, 'FREE', 'UZ', '195.158.178.134', 'device_8565', NULL, 0, '2026-03-11 21:46:15.187393');
INSERT INTO votes (id, user_id, blogger_id, vote_type, country, ip_address, device_id, payment_id, is_cancelled, created_at) VALUES (436, 4, 9, 'FREE', 'UZ', '195.158.154.70', 'device_6680', NULL, 0, '2026-03-11 07:28:15.187413');
INSERT INTO votes (id, user_id, blogger_id, vote_type, country, ip_address, device_id, payment_id, is_cancelled, created_at) VALUES (437, 10, 9, 'FREE', 'UZ', '195.158.207.180', 'device_5229', NULL, 0, '2026-03-16 11:42:15.187433');
INSERT INTO votes (id, user_id, blogger_id, vote_type, country, ip_address, device_id, payment_id, is_cancelled, created_at) VALUES (438, 5, 9, 'FREE', 'UZ', '195.158.191.227', 'device_7678', NULL, 0, '2026-03-13 08:43:15.187455');
INSERT INTO votes (id, user_id, blogger_id, vote_type, country, ip_address, device_id, payment_id, is_cancelled, created_at) VALUES (439, 4, 9, 'FREE', 'UZ', '195.158.126.252', 'device_2564', NULL, 0, '2026-03-02 06:51:15.187477');
INSERT INTO votes (id, user_id, blogger_id, vote_type, country, ip_address, device_id, payment_id, is_cancelled, created_at) VALUES (440, 4, 9, 'FREE', 'UZ', '195.158.39.19', 'device_4176', NULL, 0, '2026-03-06 06:00:15.187500');
INSERT INTO votes (id, user_id, blogger_id, vote_type, country, ip_address, device_id, payment_id, is_cancelled, created_at) VALUES (441, 4, 9, 'FREE', 'UZ', '195.158.84.224', 'device_3948', NULL, 0, '2026-03-11 07:33:15.187519');
INSERT INTO votes (id, user_id, blogger_id, vote_type, country, ip_address, device_id, payment_id, is_cancelled, created_at) VALUES (442, 10, 9, 'FREE', 'UZ', '195.158.4.60', 'device_5756', NULL, 0, '2026-03-06 18:46:15.187538');
INSERT INTO votes (id, user_id, blogger_id, vote_type, country, ip_address, device_id, payment_id, is_cancelled, created_at) VALUES (443, 3, 9, 'VIP', 'UZ', '195.158.91.221', 'device_4704', NULL, 0, '2026-03-12 22:35:15.187556');
INSERT INTO votes (id, user_id, blogger_id, vote_type, country, ip_address, device_id, payment_id, is_cancelled, created_at) VALUES (444, 2, 9, 'FREE', 'UZ', '195.158.247.100', 'device_2193', NULL, 0, '2026-03-10 11:12:15.187576');
INSERT INTO votes (id, user_id, blogger_id, vote_type, country, ip_address, device_id, payment_id, is_cancelled, created_at) VALUES (445, 6, 9, 'FREE', 'UZ', '195.158.62.153', 'device_7880', NULL, 0, '2026-03-02 14:00:15.187596');
INSERT INTO votes (id, user_id, blogger_id, vote_type, country, ip_address, device_id, payment_id, is_cancelled, created_at) VALUES (446, 5, 9, 'FREE', 'UZ', '195.158.245.234', 'device_9723', NULL, 0, '2026-03-15 14:12:15.187615');
INSERT INTO votes (id, user_id, blogger_id, vote_type, country, ip_address, device_id, payment_id, is_cancelled, created_at) VALUES (447, 9, 9, 'FREE', 'UZ', '195.158.41.249', 'device_3479', NULL, 0, '2026-03-07 13:58:15.187634');
INSERT INTO votes (id, user_id, blogger_id, vote_type, country, ip_address, device_id, payment_id, is_cancelled, created_at) VALUES (448, 7, 9, 'FREE', 'UZ', '195.158.215.204', 'device_4289', NULL, 0, '2026-03-04 19:54:15.187653');
INSERT INTO votes (id, user_id, blogger_id, vote_type, country, ip_address, device_id, payment_id, is_cancelled, created_at) VALUES (449, 3, 9, 'FREE', 'UZ', '195.158.64.7', 'device_4457', NULL, 0, '2026-03-11 14:45:15.187673');
INSERT INTO votes (id, user_id, blogger_id, vote_type, country, ip_address, device_id, payment_id, is_cancelled, created_at) VALUES (450, 5, 9, 'VIP', 'UZ', '195.158.51.183', 'device_4628', NULL, 0, '2026-03-13 18:54:15.187696');
INSERT INTO votes (id, user_id, blogger_id, vote_type, country, ip_address, device_id, payment_id, is_cancelled, created_at) VALUES (451, 1, 2, 'FREE', 'UZ', '127.0.0.1', NULL, NULL, 0, '2026-03-16 19:59:09.849156');
INSERT INTO votes (id, user_id, blogger_id, vote_type, country, ip_address, device_id, payment_id, is_cancelled, created_at) VALUES (452, 12, 2, 'FREE', NULL, '127.0.0.1', NULL, NULL, 0, '2026-03-16 19:59:44.035734');
INSERT INTO votes (id, user_id, blogger_id, vote_type, country, ip_address, device_id, payment_id, is_cancelled, created_at) VALUES (453, 2, 1, 'VIP', 'UZ', '127.0.0.1', NULL, NULL, 0, '2026-03-16 20:02:24.173963');
INSERT INTO votes (id, user_id, blogger_id, vote_type, country, ip_address, device_id, payment_id, is_cancelled, created_at) VALUES (454, 1, 1, 'VIP', 'UZ', '127.0.0.1', NULL, NULL, 0, '2026-03-16 20:04:14.041000');
INSERT INTO votes (id, user_id, blogger_id, vote_type, country, ip_address, device_id, payment_id, is_cancelled, created_at) VALUES (455, 1, 1, 'VIP', 'UZ', '127.0.0.1', NULL, NULL, 0, '2026-03-16 20:04:14.076434');
INSERT INTO votes (id, user_id, blogger_id, vote_type, country, ip_address, device_id, payment_id, is_cancelled, created_at) VALUES (456, 1, 1, 'VIP', 'UZ', '127.0.0.1', NULL, NULL, 0, '2026-03-16 20:04:14.106159');
INSERT INTO votes (id, user_id, blogger_id, vote_type, country, ip_address, device_id, payment_id, is_cancelled, created_at) VALUES (457, 1, 1, 'VIP', 'UZ', '127.0.0.1', NULL, NULL, 0, '2026-03-16 20:04:14.132877');
INSERT INTO votes (id, user_id, blogger_id, vote_type, country, ip_address, device_id, payment_id, is_cancelled, created_at) VALUES (458, 1, 1, 'VIP', 'UZ', '127.0.0.1', NULL, NULL, 0, '2026-03-16 20:04:14.164686');
INSERT INTO votes (id, user_id, blogger_id, vote_type, country, ip_address, device_id, payment_id, is_cancelled, created_at) VALUES (459, 1, 1, 'VIP', 'UZ', '127.0.0.1', NULL, NULL, 0, '2026-03-16 20:04:14.186796');
INSERT INTO votes (id, user_id, blogger_id, vote_type, country, ip_address, device_id, payment_id, is_cancelled, created_at) VALUES (460, 1, 1, 'VIP', 'UZ', '127.0.0.1', NULL, NULL, 0, '2026-03-16 20:04:14.223889');
INSERT INTO votes (id, user_id, blogger_id, vote_type, country, ip_address, device_id, payment_id, is_cancelled, created_at) VALUES (461, 12, 1, 'VIP', NULL, '127.0.0.1', NULL, NULL, 0, '2026-03-17 14:04:38.451195');
INSERT INTO votes (id, user_id, blogger_id, vote_type, country, ip_address, device_id, payment_id, is_cancelled, created_at) VALUES (462, 12, 1, 'VIP', NULL, '127.0.0.1', NULL, NULL, 0, '2026-03-17 14:04:38.491757');
INSERT INTO votes (id, user_id, blogger_id, vote_type, country, ip_address, device_id, payment_id, is_cancelled, created_at) VALUES (463, 12, 1, 'VIP', NULL, '127.0.0.1', NULL, NULL, 0, '2026-03-17 14:04:38.532276');
INSERT INTO votes (id, user_id, blogger_id, vote_type, country, ip_address, device_id, payment_id, is_cancelled, created_at) VALUES (464, 12, 1, 'VIP', NULL, '127.0.0.1', NULL, NULL, 0, '2026-03-17 14:04:38.560681');
INSERT INTO votes (id, user_id, blogger_id, vote_type, country, ip_address, device_id, payment_id, is_cancelled, created_at) VALUES (465, 12, 1, 'VIP', NULL, '127.0.0.1', NULL, NULL, 0, '2026-03-17 14:04:38.589863');
INSERT INTO votes (id, user_id, blogger_id, vote_type, country, ip_address, device_id, payment_id, is_cancelled, created_at) VALUES (466, 12, 1, 'VIP', NULL, '127.0.0.1', NULL, NULL, 0, '2026-03-17 14:04:38.620269');
INSERT INTO votes (id, user_id, blogger_id, vote_type, country, ip_address, device_id, payment_id, is_cancelled, created_at) VALUES (467, 12, 1, 'VIP', NULL, '127.0.0.1', NULL, NULL, 0, '2026-03-17 14:04:38.641110');
INSERT INTO votes (id, user_id, blogger_id, vote_type, country, ip_address, device_id, payment_id, is_cancelled, created_at) VALUES (468, 12, 1, 'VIP', NULL, '127.0.0.1', NULL, NULL, 0, '2026-03-17 14:04:38.659607');
INSERT INTO votes (id, user_id, blogger_id, vote_type, country, ip_address, device_id, payment_id, is_cancelled, created_at) VALUES (469, 12, 1, 'VIP', NULL, '127.0.0.1', NULL, NULL, 0, '2026-03-17 14:04:38.679791');
INSERT INTO votes (id, user_id, blogger_id, vote_type, country, ip_address, device_id, payment_id, is_cancelled, created_at) VALUES (470, 12, 1, 'VIP', NULL, '127.0.0.1', NULL, NULL, 0, '2026-03-17 14:04:38.709918');
INSERT INTO votes (id, user_id, blogger_id, vote_type, country, ip_address, device_id, payment_id, is_cancelled, created_at) VALUES (471, 12, 1, 'VIP', NULL, '127.0.0.1', NULL, NULL, 0, '2026-03-17 14:04:38.731435');
INSERT INTO votes (id, user_id, blogger_id, vote_type, country, ip_address, device_id, payment_id, is_cancelled, created_at) VALUES (472, 12, 1, 'VIP', NULL, '127.0.0.1', NULL, NULL, 0, '2026-03-17 14:04:38.752957');
INSERT INTO votes (id, user_id, blogger_id, vote_type, country, ip_address, device_id, payment_id, is_cancelled, created_at) VALUES (473, 12, 1, 'VIP', NULL, '127.0.0.1', NULL, NULL, 0, '2026-03-17 14:04:38.785250');
INSERT INTO votes (id, user_id, blogger_id, vote_type, country, ip_address, device_id, payment_id, is_cancelled, created_at) VALUES (474, 12, 1, 'VIP', NULL, '127.0.0.1', NULL, NULL, 0, '2026-03-17 14:04:38.815212');
INSERT INTO votes (id, user_id, blogger_id, vote_type, country, ip_address, device_id, payment_id, is_cancelled, created_at) VALUES (475, 12, 1, 'VIP', NULL, '127.0.0.1', NULL, NULL, 0, '2026-03-17 14:04:38.846841');
INSERT INTO votes (id, user_id, blogger_id, vote_type, country, ip_address, device_id, payment_id, is_cancelled, created_at) VALUES (476, 12, 1, 'VIP', NULL, '127.0.0.1', NULL, NULL, 0, '2026-03-17 14:04:38.880347');
INSERT INTO votes (id, user_id, blogger_id, vote_type, country, ip_address, device_id, payment_id, is_cancelled, created_at) VALUES (477, 12, 1, 'VIP', NULL, '127.0.0.1', NULL, NULL, 0, '2026-03-17 14:04:38.906211');
INSERT INTO votes (id, user_id, blogger_id, vote_type, country, ip_address, device_id, payment_id, is_cancelled, created_at) VALUES (478, 12, 1, 'VIP', NULL, '127.0.0.1', NULL, NULL, 0, '2026-03-17 14:04:38.937786');
INSERT INTO votes (id, user_id, blogger_id, vote_type, country, ip_address, device_id, payment_id, is_cancelled, created_at) VALUES (479, 12, 1, 'VIP', NULL, '127.0.0.1', NULL, NULL, 0, '2026-03-17 14:04:38.957997');
INSERT INTO votes (id, user_id, blogger_id, vote_type, country, ip_address, device_id, payment_id, is_cancelled, created_at) VALUES (480, 12, 1, 'VIP', NULL, '127.0.0.1', NULL, NULL, 0, '2026-03-17 14:04:38.983920');
INSERT INTO votes (id, user_id, blogger_id, vote_type, country, ip_address, device_id, payment_id, is_cancelled, created_at) VALUES (481, 12, 1, 'VIP', NULL, '127.0.0.1', NULL, NULL, 0, '2026-03-17 14:04:39.018551');
INSERT INTO votes (id, user_id, blogger_id, vote_type, country, ip_address, device_id, payment_id, is_cancelled, created_at) VALUES (482, 12, 1, 'VIP', NULL, '127.0.0.1', NULL, NULL, 0, '2026-03-17 14:04:39.060015');
INSERT INTO votes (id, user_id, blogger_id, vote_type, country, ip_address, device_id, payment_id, is_cancelled, created_at) VALUES (483, 12, 1, 'VIP', NULL, '127.0.0.1', NULL, NULL, 0, '2026-03-17 14:04:39.103641');
INSERT INTO votes (id, user_id, blogger_id, vote_type, country, ip_address, device_id, payment_id, is_cancelled, created_at) VALUES (484, 12, 1, 'VIP', NULL, '127.0.0.1', NULL, NULL, 0, '2026-03-17 14:04:39.125817');
INSERT INTO votes (id, user_id, blogger_id, vote_type, country, ip_address, device_id, payment_id, is_cancelled, created_at) VALUES (485, 12, 1, 'VIP', NULL, '127.0.0.1', NULL, NULL, 0, '2026-03-17 14:04:39.149963');
INSERT INTO votes (id, user_id, blogger_id, vote_type, country, ip_address, device_id, payment_id, is_cancelled, created_at) VALUES (486, 12, 1, 'VIP', NULL, '127.0.0.1', NULL, NULL, 0, '2026-03-17 14:04:39.178413');
INSERT INTO votes (id, user_id, blogger_id, vote_type, country, ip_address, device_id, payment_id, is_cancelled, created_at) VALUES (487, 12, 1, 'VIP', NULL, '127.0.0.1', NULL, NULL, 0, '2026-03-17 14:04:39.197386');
INSERT INTO votes (id, user_id, blogger_id, vote_type, country, ip_address, device_id, payment_id, is_cancelled, created_at) VALUES (488, 12, 1, 'VIP', NULL, '127.0.0.1', NULL, NULL, 0, '2026-03-17 14:04:39.239157');
INSERT INTO votes (id, user_id, blogger_id, vote_type, country, ip_address, device_id, payment_id, is_cancelled, created_at) VALUES (489, 12, 1, 'VIP', NULL, '127.0.0.1', NULL, NULL, 0, '2026-03-17 14:04:39.270533');
INSERT INTO votes (id, user_id, blogger_id, vote_type, country, ip_address, device_id, payment_id, is_cancelled, created_at) VALUES (490, 12, 1, 'VIP', NULL, '127.0.0.1', NULL, NULL, 0, '2026-03-17 14:04:39.291677');
INSERT INTO votes (id, user_id, blogger_id, vote_type, country, ip_address, device_id, payment_id, is_cancelled, created_at) VALUES (491, 12, 1, 'VIP', NULL, '127.0.0.1', NULL, NULL, 0, '2026-03-17 14:04:39.308850');
INSERT INTO votes (id, user_id, blogger_id, vote_type, country, ip_address, device_id, payment_id, is_cancelled, created_at) VALUES (492, 12, 1, 'VIP', NULL, '127.0.0.1', NULL, NULL, 0, '2026-03-17 14:04:39.343327');
INSERT INTO votes (id, user_id, blogger_id, vote_type, country, ip_address, device_id, payment_id, is_cancelled, created_at) VALUES (493, 12, 1, 'VIP', NULL, '127.0.0.1', NULL, NULL, 0, '2026-03-17 14:04:39.359178');
INSERT INTO votes (id, user_id, blogger_id, vote_type, country, ip_address, device_id, payment_id, is_cancelled, created_at) VALUES (494, 12, 1, 'VIP', NULL, '127.0.0.1', NULL, NULL, 0, '2026-03-17 14:04:39.375632');
INSERT INTO votes (id, user_id, blogger_id, vote_type, country, ip_address, device_id, payment_id, is_cancelled, created_at) VALUES (495, 12, 1, 'VIP', NULL, '127.0.0.1', NULL, NULL, 0, '2026-03-17 14:04:39.390710');
INSERT INTO votes (id, user_id, blogger_id, vote_type, country, ip_address, device_id, payment_id, is_cancelled, created_at) VALUES (496, 12, 1, 'VIP', NULL, '127.0.0.1', NULL, NULL, 0, '2026-03-17 14:04:39.408556');
INSERT INTO votes (id, user_id, blogger_id, vote_type, country, ip_address, device_id, payment_id, is_cancelled, created_at) VALUES (497, 12, 1, 'VIP', NULL, '127.0.0.1', NULL, NULL, 0, '2026-03-17 14:04:39.428559');
INSERT INTO votes (id, user_id, blogger_id, vote_type, country, ip_address, device_id, payment_id, is_cancelled, created_at) VALUES (498, 12, 1, 'VIP', NULL, '127.0.0.1', NULL, NULL, 0, '2026-03-17 14:04:39.455407');
INSERT INTO votes (id, user_id, blogger_id, vote_type, country, ip_address, device_id, payment_id, is_cancelled, created_at) VALUES (499, 12, 1, 'VIP', NULL, '127.0.0.1', NULL, NULL, 0, '2026-03-17 14:04:39.477423');
INSERT INTO votes (id, user_id, blogger_id, vote_type, country, ip_address, device_id, payment_id, is_cancelled, created_at) VALUES (500, 12, 1, 'VIP', NULL, '127.0.0.1', NULL, NULL, 0, '2026-03-17 14:04:39.498518');
INSERT INTO votes (id, user_id, blogger_id, vote_type, country, ip_address, device_id, payment_id, is_cancelled, created_at) VALUES (501, 12, 1, 'VIP', NULL, '127.0.0.1', NULL, NULL, 0, '2026-03-17 14:04:39.530780');
INSERT INTO votes (id, user_id, blogger_id, vote_type, country, ip_address, device_id, payment_id, is_cancelled, created_at) VALUES (502, 12, 1, 'VIP', NULL, '127.0.0.1', NULL, NULL, 0, '2026-03-17 14:04:39.546733');
INSERT INTO votes (id, user_id, blogger_id, vote_type, country, ip_address, device_id, payment_id, is_cancelled, created_at) VALUES (503, 12, 1, 'VIP', NULL, '127.0.0.1', NULL, NULL, 0, '2026-03-17 14:04:39.590465');
INSERT INTO votes (id, user_id, blogger_id, vote_type, country, ip_address, device_id, payment_id, is_cancelled, created_at) VALUES (504, 12, 1, 'VIP', NULL, '127.0.0.1', NULL, NULL, 0, '2026-03-17 14:04:39.612661');
INSERT INTO votes (id, user_id, blogger_id, vote_type, country, ip_address, device_id, payment_id, is_cancelled, created_at) VALUES (505, 12, 1, 'VIP', NULL, '127.0.0.1', NULL, NULL, 0, '2026-03-17 14:04:39.634915');
INSERT INTO votes (id, user_id, blogger_id, vote_type, country, ip_address, device_id, payment_id, is_cancelled, created_at) VALUES (506, 12, 1, 'VIP', NULL, '127.0.0.1', NULL, NULL, 0, '2026-03-17 14:04:39.657107');
INSERT INTO votes (id, user_id, blogger_id, vote_type, country, ip_address, device_id, payment_id, is_cancelled, created_at) VALUES (507, 12, 1, 'VIP', NULL, '127.0.0.1', NULL, NULL, 0, '2026-03-17 14:04:39.674317');
INSERT INTO votes (id, user_id, blogger_id, vote_type, country, ip_address, device_id, payment_id, is_cancelled, created_at) VALUES (508, 12, 1, 'VIP', NULL, '127.0.0.1', NULL, NULL, 0, '2026-03-17 14:04:39.696454');
INSERT INTO votes (id, user_id, blogger_id, vote_type, country, ip_address, device_id, payment_id, is_cancelled, created_at) VALUES (509, 12, 1, 'VIP', NULL, '127.0.0.1', NULL, NULL, 0, '2026-03-17 14:04:39.718261');
INSERT INTO votes (id, user_id, blogger_id, vote_type, country, ip_address, device_id, payment_id, is_cancelled, created_at) VALUES (510, 12, 1, 'VIP', NULL, '127.0.0.1', NULL, NULL, 0, '2026-03-17 14:04:39.738882');
INSERT INTO votes (id, user_id, blogger_id, vote_type, country, ip_address, device_id, payment_id, is_cancelled, created_at) VALUES (511, 12, 1, 'VIP', NULL, '127.0.0.1', NULL, NULL, 0, '2026-03-17 14:05:19.232561');
INSERT INTO votes (id, user_id, blogger_id, vote_type, country, ip_address, device_id, payment_id, is_cancelled, created_at) VALUES (512, 12, 1, 'VIP', NULL, '127.0.0.1', NULL, NULL, 0, '2026-03-17 14:05:19.263025');
INSERT INTO votes (id, user_id, blogger_id, vote_type, country, ip_address, device_id, payment_id, is_cancelled, created_at) VALUES (513, 12, 1, 'VIP', NULL, '127.0.0.1', NULL, NULL, 0, '2026-03-17 14:05:19.292887');
INSERT INTO votes (id, user_id, blogger_id, vote_type, country, ip_address, device_id, payment_id, is_cancelled, created_at) VALUES (514, 12, 1, 'VIP', NULL, '127.0.0.1', NULL, NULL, 0, '2026-03-17 14:05:19.320272');
INSERT INTO votes (id, user_id, blogger_id, vote_type, country, ip_address, device_id, payment_id, is_cancelled, created_at) VALUES (515, 12, 1, 'VIP', NULL, '127.0.0.1', NULL, NULL, 0, '2026-03-17 14:05:19.352054');
INSERT INTO votes (id, user_id, blogger_id, vote_type, country, ip_address, device_id, payment_id, is_cancelled, created_at) VALUES (516, 12, 1, 'VIP', NULL, '127.0.0.1', NULL, NULL, 0, '2026-03-17 14:05:19.372869');
INSERT INTO votes (id, user_id, blogger_id, vote_type, country, ip_address, device_id, payment_id, is_cancelled, created_at) VALUES (517, 12, 1, 'VIP', NULL, '127.0.0.1', NULL, NULL, 0, '2026-03-17 14:05:19.394728');
INSERT INTO votes (id, user_id, blogger_id, vote_type, country, ip_address, device_id, payment_id, is_cancelled, created_at) VALUES (518, 12, 1, 'VIP', NULL, '127.0.0.1', NULL, NULL, 0, '2026-03-17 14:05:19.421426');
INSERT INTO votes (id, user_id, blogger_id, vote_type, country, ip_address, device_id, payment_id, is_cancelled, created_at) VALUES (519, 12, 1, 'VIP', NULL, '127.0.0.1', NULL, NULL, 0, '2026-03-17 14:05:19.436667');
INSERT INTO votes (id, user_id, blogger_id, vote_type, country, ip_address, device_id, payment_id, is_cancelled, created_at) VALUES (520, 12, 1, 'VIP', NULL, '127.0.0.1', NULL, NULL, 0, '2026-03-17 14:05:19.458058');
INSERT INTO votes (id, user_id, blogger_id, vote_type, country, ip_address, device_id, payment_id, is_cancelled, created_at) VALUES (521, 12, 1, 'VIP', NULL, '127.0.0.1', NULL, NULL, 0, '2026-03-17 14:05:19.481458');
INSERT INTO votes (id, user_id, blogger_id, vote_type, country, ip_address, device_id, payment_id, is_cancelled, created_at) VALUES (522, 12, 1, 'VIP', NULL, '127.0.0.1', NULL, NULL, 0, '2026-03-17 14:05:19.501199');
INSERT INTO votes (id, user_id, blogger_id, vote_type, country, ip_address, device_id, payment_id, is_cancelled, created_at) VALUES (523, 12, 1, 'VIP', NULL, '127.0.0.1', NULL, NULL, 0, '2026-03-17 14:05:19.521350');
INSERT INTO votes (id, user_id, blogger_id, vote_type, country, ip_address, device_id, payment_id, is_cancelled, created_at) VALUES (524, 12, 1, 'VIP', NULL, '127.0.0.1', NULL, NULL, 0, '2026-03-17 14:05:19.543670');
INSERT INTO votes (id, user_id, blogger_id, vote_type, country, ip_address, device_id, payment_id, is_cancelled, created_at) VALUES (525, 12, 1, 'VIP', NULL, '127.0.0.1', NULL, NULL, 0, '2026-03-17 14:05:19.561618');
INSERT INTO votes (id, user_id, blogger_id, vote_type, country, ip_address, device_id, payment_id, is_cancelled, created_at) VALUES (526, 12, 1, 'VIP', NULL, '127.0.0.1', NULL, NULL, 0, '2026-03-17 14:05:19.589824');
INSERT INTO votes (id, user_id, blogger_id, vote_type, country, ip_address, device_id, payment_id, is_cancelled, created_at) VALUES (527, 12, 1, 'VIP', NULL, '127.0.0.1', NULL, NULL, 0, '2026-03-17 14:05:19.604548');
INSERT INTO votes (id, user_id, blogger_id, vote_type, country, ip_address, device_id, payment_id, is_cancelled, created_at) VALUES (528, 12, 1, 'VIP', NULL, '127.0.0.1', NULL, NULL, 0, '2026-03-17 14:05:19.634830');
INSERT INTO votes (id, user_id, blogger_id, vote_type, country, ip_address, device_id, payment_id, is_cancelled, created_at) VALUES (529, 12, 1, 'VIP', NULL, '127.0.0.1', NULL, NULL, 0, '2026-03-17 14:05:19.659978');
INSERT INTO votes (id, user_id, blogger_id, vote_type, country, ip_address, device_id, payment_id, is_cancelled, created_at) VALUES (530, 12, 1, 'VIP', NULL, '127.0.0.1', NULL, NULL, 0, '2026-03-17 14:05:19.682068');
INSERT INTO votes (id, user_id, blogger_id, vote_type, country, ip_address, device_id, payment_id, is_cancelled, created_at) VALUES (531, 12, 1, 'VIP', NULL, '127.0.0.1', NULL, NULL, 0, '2026-03-17 14:05:19.695887');
INSERT INTO votes (id, user_id, blogger_id, vote_type, country, ip_address, device_id, payment_id, is_cancelled, created_at) VALUES (532, 12, 1, 'VIP', NULL, '127.0.0.1', NULL, NULL, 0, '2026-03-17 14:05:19.711595');
INSERT INTO votes (id, user_id, blogger_id, vote_type, country, ip_address, device_id, payment_id, is_cancelled, created_at) VALUES (533, 12, 1, 'VIP', NULL, '127.0.0.1', NULL, NULL, 0, '2026-03-17 14:05:19.727733');
INSERT INTO votes (id, user_id, blogger_id, vote_type, country, ip_address, device_id, payment_id, is_cancelled, created_at) VALUES (534, 12, 1, 'VIP', NULL, '127.0.0.1', NULL, NULL, 0, '2026-03-17 14:05:19.748930');
INSERT INTO votes (id, user_id, blogger_id, vote_type, country, ip_address, device_id, payment_id, is_cancelled, created_at) VALUES (535, 12, 1, 'VIP', NULL, '127.0.0.1', NULL, NULL, 0, '2026-03-17 14:05:19.765457');
INSERT INTO votes (id, user_id, blogger_id, vote_type, country, ip_address, device_id, payment_id, is_cancelled, created_at) VALUES (536, 12, 1, 'VIP', NULL, '127.0.0.1', NULL, NULL, 0, '2026-03-17 14:05:19.801992');
INSERT INTO votes (id, user_id, blogger_id, vote_type, country, ip_address, device_id, payment_id, is_cancelled, created_at) VALUES (537, 12, 1, 'VIP', NULL, '127.0.0.1', NULL, NULL, 0, '2026-03-17 14:05:19.826770');
INSERT INTO votes (id, user_id, blogger_id, vote_type, country, ip_address, device_id, payment_id, is_cancelled, created_at) VALUES (538, 12, 1, 'VIP', NULL, '127.0.0.1', NULL, NULL, 0, '2026-03-17 14:05:19.854308');
INSERT INTO votes (id, user_id, blogger_id, vote_type, country, ip_address, device_id, payment_id, is_cancelled, created_at) VALUES (539, 12, 1, 'VIP', NULL, '127.0.0.1', NULL, NULL, 0, '2026-03-17 14:05:19.884287');
INSERT INTO votes (id, user_id, blogger_id, vote_type, country, ip_address, device_id, payment_id, is_cancelled, created_at) VALUES (540, 12, 1, 'VIP', NULL, '127.0.0.1', NULL, NULL, 0, '2026-03-17 14:05:19.914047');
INSERT INTO votes (id, user_id, blogger_id, vote_type, country, ip_address, device_id, payment_id, is_cancelled, created_at) VALUES (541, 12, 1, 'VIP', NULL, '127.0.0.1', NULL, NULL, 0, '2026-03-17 14:05:19.932177');
INSERT INTO votes (id, user_id, blogger_id, vote_type, country, ip_address, device_id, payment_id, is_cancelled, created_at) VALUES (542, 12, 1, 'VIP', NULL, '127.0.0.1', NULL, NULL, 0, '2026-03-17 14:05:19.952134');
INSERT INTO votes (id, user_id, blogger_id, vote_type, country, ip_address, device_id, payment_id, is_cancelled, created_at) VALUES (543, 12, 1, 'VIP', NULL, '127.0.0.1', NULL, NULL, 0, '2026-03-17 14:05:19.978909');
INSERT INTO votes (id, user_id, blogger_id, vote_type, country, ip_address, device_id, payment_id, is_cancelled, created_at) VALUES (544, 12, 1, 'VIP', NULL, '127.0.0.1', NULL, NULL, 0, '2026-03-17 14:05:19.995711');
INSERT INTO votes (id, user_id, blogger_id, vote_type, country, ip_address, device_id, payment_id, is_cancelled, created_at) VALUES (545, 12, 1, 'VIP', NULL, '127.0.0.1', NULL, NULL, 0, '2026-03-17 14:05:20.029234');
INSERT INTO votes (id, user_id, blogger_id, vote_type, country, ip_address, device_id, payment_id, is_cancelled, created_at) VALUES (546, 12, 1, 'VIP', NULL, '127.0.0.1', NULL, NULL, 0, '2026-03-17 14:05:20.048449');
INSERT INTO votes (id, user_id, blogger_id, vote_type, country, ip_address, device_id, payment_id, is_cancelled, created_at) VALUES (547, 12, 1, 'VIP', NULL, '127.0.0.1', NULL, NULL, 0, '2026-03-17 14:05:20.082865');
INSERT INTO votes (id, user_id, blogger_id, vote_type, country, ip_address, device_id, payment_id, is_cancelled, created_at) VALUES (548, 12, 1, 'VIP', NULL, '127.0.0.1', NULL, NULL, 0, '2026-03-17 14:05:20.100061');
INSERT INTO votes (id, user_id, blogger_id, vote_type, country, ip_address, device_id, payment_id, is_cancelled, created_at) VALUES (549, 12, 1, 'VIP', NULL, '127.0.0.1', NULL, NULL, 0, '2026-03-17 14:05:20.116292');
INSERT INTO votes (id, user_id, blogger_id, vote_type, country, ip_address, device_id, payment_id, is_cancelled, created_at) VALUES (550, 12, 1, 'VIP', NULL, '127.0.0.1', NULL, NULL, 0, '2026-03-17 14:05:20.135213');
INSERT INTO votes (id, user_id, blogger_id, vote_type, country, ip_address, device_id, payment_id, is_cancelled, created_at) VALUES (551, 12, 1, 'VIP', NULL, '127.0.0.1', NULL, NULL, 0, '2026-03-17 14:05:20.167031');
INSERT INTO votes (id, user_id, blogger_id, vote_type, country, ip_address, device_id, payment_id, is_cancelled, created_at) VALUES (552, 12, 1, 'VIP', NULL, '127.0.0.1', NULL, NULL, 0, '2026-03-17 14:05:20.182919');
INSERT INTO votes (id, user_id, blogger_id, vote_type, country, ip_address, device_id, payment_id, is_cancelled, created_at) VALUES (553, 12, 1, 'VIP', NULL, '127.0.0.1', NULL, NULL, 0, '2026-03-17 14:05:20.197683');
INSERT INTO votes (id, user_id, blogger_id, vote_type, country, ip_address, device_id, payment_id, is_cancelled, created_at) VALUES (554, 12, 1, 'VIP', NULL, '127.0.0.1', NULL, NULL, 0, '2026-03-17 14:05:20.229732');
INSERT INTO votes (id, user_id, blogger_id, vote_type, country, ip_address, device_id, payment_id, is_cancelled, created_at) VALUES (555, 12, 1, 'VIP', NULL, '127.0.0.1', NULL, NULL, 0, '2026-03-17 14:05:20.247879');
INSERT INTO votes (id, user_id, blogger_id, vote_type, country, ip_address, device_id, payment_id, is_cancelled, created_at) VALUES (556, 12, 1, 'VIP', NULL, '127.0.0.1', NULL, NULL, 0, '2026-03-17 14:05:20.265191');
INSERT INTO votes (id, user_id, blogger_id, vote_type, country, ip_address, device_id, payment_id, is_cancelled, created_at) VALUES (557, 12, 1, 'VIP', NULL, '127.0.0.1', NULL, NULL, 0, '2026-03-17 14:05:20.281651');
INSERT INTO votes (id, user_id, blogger_id, vote_type, country, ip_address, device_id, payment_id, is_cancelled, created_at) VALUES (558, 12, 1, 'VIP', NULL, '127.0.0.1', NULL, NULL, 0, '2026-03-17 14:05:20.297201');
INSERT INTO votes (id, user_id, blogger_id, vote_type, country, ip_address, device_id, payment_id, is_cancelled, created_at) VALUES (559, 12, 1, 'VIP', NULL, '127.0.0.1', NULL, NULL, 0, '2026-03-17 14:05:20.313647');
INSERT INTO votes (id, user_id, blogger_id, vote_type, country, ip_address, device_id, payment_id, is_cancelled, created_at) VALUES (560, 12, 1, 'VIP', NULL, '127.0.0.1', NULL, NULL, 0, '2026-03-17 14:05:20.351154');
INSERT INTO votes (id, user_id, blogger_id, vote_type, country, ip_address, device_id, payment_id, is_cancelled, created_at) VALUES (561, 1, 2, 'VIP', 'UZ', '127.0.0.1', NULL, NULL, 0, '2026-03-17 15:46:34.714221');
INSERT INTO votes (id, user_id, blogger_id, vote_type, country, ip_address, device_id, payment_id, is_cancelled, created_at) VALUES (562, 1, 2, 'VIP', 'UZ', '127.0.0.1', NULL, NULL, 0, '2026-03-17 15:46:34.745270');
INSERT INTO votes (id, user_id, blogger_id, vote_type, country, ip_address, device_id, payment_id, is_cancelled, created_at) VALUES (563, 1, 2, 'VIP', 'UZ', '127.0.0.1', NULL, NULL, 0, '2026-03-17 15:46:34.764157');
INSERT INTO votes (id, user_id, blogger_id, vote_type, country, ip_address, device_id, payment_id, is_cancelled, created_at) VALUES (564, 1, 2, 'VIP', 'UZ', '127.0.0.1', NULL, NULL, 0, '2026-03-17 15:46:34.790846');
INSERT INTO votes (id, user_id, blogger_id, vote_type, country, ip_address, device_id, payment_id, is_cancelled, created_at) VALUES (565, 1, 2, 'VIP', 'UZ', '127.0.0.1', NULL, NULL, 0, '2026-03-17 15:46:34.821930');
INSERT INTO votes (id, user_id, blogger_id, vote_type, country, ip_address, device_id, payment_id, is_cancelled, created_at) VALUES (566, 1, 2, 'VIP', 'UZ', '127.0.0.1', NULL, NULL, 0, '2026-03-17 15:46:34.843082');
INSERT INTO votes (id, user_id, blogger_id, vote_type, country, ip_address, device_id, payment_id, is_cancelled, created_at) VALUES (567, 1, 2, 'VIP', 'UZ', '127.0.0.1', NULL, NULL, 0, '2026-03-17 15:46:34.861744');
INSERT INTO votes (id, user_id, blogger_id, vote_type, country, ip_address, device_id, payment_id, is_cancelled, created_at) VALUES (568, 1, 2, 'VIP', 'UZ', '127.0.0.1', NULL, NULL, 0, '2026-03-17 15:46:34.879222');
INSERT INTO votes (id, user_id, blogger_id, vote_type, country, ip_address, device_id, payment_id, is_cancelled, created_at) VALUES (569, 1, 2, 'VIP', 'UZ', '127.0.0.1', NULL, NULL, 0, '2026-03-17 15:46:34.895443');
INSERT INTO votes (id, user_id, blogger_id, vote_type, country, ip_address, device_id, payment_id, is_cancelled, created_at) VALUES (570, 1, 2, 'VIP', 'UZ', '127.0.0.1', NULL, NULL, 0, '2026-03-17 15:46:34.911745');
INSERT INTO votes (id, user_id, blogger_id, vote_type, country, ip_address, device_id, payment_id, is_cancelled, created_at) VALUES (571, 1, 2, 'VIP', 'UZ', '127.0.0.1', NULL, NULL, 0, '2026-03-17 15:46:34.930149');
INSERT INTO votes (id, user_id, blogger_id, vote_type, country, ip_address, device_id, payment_id, is_cancelled, created_at) VALUES (572, 1, 2, 'VIP', 'UZ', '127.0.0.1', NULL, NULL, 0, '2026-03-17 15:46:34.946148');
INSERT INTO votes (id, user_id, blogger_id, vote_type, country, ip_address, device_id, payment_id, is_cancelled, created_at) VALUES (573, 1, 2, 'VIP', 'UZ', '127.0.0.1', NULL, NULL, 0, '2026-03-17 15:46:34.962954');
INSERT INTO votes (id, user_id, blogger_id, vote_type, country, ip_address, device_id, payment_id, is_cancelled, created_at) VALUES (574, 1, 2, 'VIP', 'UZ', '127.0.0.1', NULL, NULL, 0, '2026-03-17 15:46:34.980438');
INSERT INTO votes (id, user_id, blogger_id, vote_type, country, ip_address, device_id, payment_id, is_cancelled, created_at) VALUES (575, 1, 2, 'VIP', 'UZ', '127.0.0.1', NULL, NULL, 0, '2026-03-17 15:46:34.999139');
INSERT INTO votes (id, user_id, blogger_id, vote_type, country, ip_address, device_id, payment_id, is_cancelled, created_at) VALUES (576, 1, 2, 'VIP', 'UZ', '127.0.0.1', NULL, NULL, 0, '2026-03-17 15:46:35.019348');
INSERT INTO votes (id, user_id, blogger_id, vote_type, country, ip_address, device_id, payment_id, is_cancelled, created_at) VALUES (577, 1, 2, 'VIP', 'UZ', '127.0.0.1', NULL, NULL, 0, '2026-03-17 15:46:35.041328');
INSERT INTO votes (id, user_id, blogger_id, vote_type, country, ip_address, device_id, payment_id, is_cancelled, created_at) VALUES (578, 1, 2, 'VIP', 'UZ', '127.0.0.1', NULL, NULL, 0, '2026-03-17 15:46:35.059784');
INSERT INTO votes (id, user_id, blogger_id, vote_type, country, ip_address, device_id, payment_id, is_cancelled, created_at) VALUES (579, 1, 2, 'VIP', 'UZ', '127.0.0.1', NULL, NULL, 0, '2026-03-17 15:46:35.093373');
INSERT INTO votes (id, user_id, blogger_id, vote_type, country, ip_address, device_id, payment_id, is_cancelled, created_at) VALUES (580, 1, 2, 'VIP', 'UZ', '127.0.0.1', NULL, NULL, 0, '2026-03-17 15:46:35.110604');
INSERT INTO votes (id, user_id, blogger_id, vote_type, country, ip_address, device_id, payment_id, is_cancelled, created_at) VALUES (581, 1, 2, 'VIP', 'UZ', '127.0.0.1', NULL, NULL, 0, '2026-03-17 15:46:35.128234');
INSERT INTO votes (id, user_id, blogger_id, vote_type, country, ip_address, device_id, payment_id, is_cancelled, created_at) VALUES (582, 1, 2, 'VIP', 'UZ', '127.0.0.1', NULL, NULL, 0, '2026-03-17 15:46:35.157311');
INSERT INTO votes (id, user_id, blogger_id, vote_type, country, ip_address, device_id, payment_id, is_cancelled, created_at) VALUES (583, 1, 2, 'VIP', 'UZ', '127.0.0.1', NULL, NULL, 0, '2026-03-17 15:46:35.175609');
INSERT INTO votes (id, user_id, blogger_id, vote_type, country, ip_address, device_id, payment_id, is_cancelled, created_at) VALUES (584, 1, 2, 'VIP', 'UZ', '127.0.0.1', NULL, NULL, 0, '2026-03-17 15:46:35.215119');
INSERT INTO votes (id, user_id, blogger_id, vote_type, country, ip_address, device_id, payment_id, is_cancelled, created_at) VALUES (585, 1, 2, 'VIP', 'UZ', '127.0.0.1', NULL, NULL, 0, '2026-03-17 15:46:35.239550');
INSERT INTO votes (id, user_id, blogger_id, vote_type, country, ip_address, device_id, payment_id, is_cancelled, created_at) VALUES (586, 1, 2, 'VIP', 'UZ', '127.0.0.1', NULL, NULL, 0, '2026-03-17 15:46:35.273348');
INSERT INTO votes (id, user_id, blogger_id, vote_type, country, ip_address, device_id, payment_id, is_cancelled, created_at) VALUES (587, 1, 2, 'VIP', 'UZ', '127.0.0.1', NULL, NULL, 0, '2026-03-17 15:46:35.315530');
INSERT INTO votes (id, user_id, blogger_id, vote_type, country, ip_address, device_id, payment_id, is_cancelled, created_at) VALUES (588, 1, 2, 'VIP', 'UZ', '127.0.0.1', NULL, NULL, 0, '2026-03-17 15:46:35.355164');
INSERT INTO votes (id, user_id, blogger_id, vote_type, country, ip_address, device_id, payment_id, is_cancelled, created_at) VALUES (589, 1, 2, 'VIP', 'UZ', '127.0.0.1', NULL, NULL, 0, '2026-03-17 15:46:35.378884');
INSERT INTO votes (id, user_id, blogger_id, vote_type, country, ip_address, device_id, payment_id, is_cancelled, created_at) VALUES (590, 1, 2, 'VIP', 'UZ', '127.0.0.1', NULL, NULL, 0, '2026-03-17 15:46:35.398463');
INSERT INTO votes (id, user_id, blogger_id, vote_type, country, ip_address, device_id, payment_id, is_cancelled, created_at) VALUES (591, 1, 2, 'VIP', 'UZ', '127.0.0.1', NULL, NULL, 0, '2026-03-17 15:46:35.416576');
INSERT INTO votes (id, user_id, blogger_id, vote_type, country, ip_address, device_id, payment_id, is_cancelled, created_at) VALUES (592, 1, 2, 'VIP', 'UZ', '127.0.0.1', NULL, NULL, 0, '2026-03-17 15:46:35.438555');
INSERT INTO votes (id, user_id, blogger_id, vote_type, country, ip_address, device_id, payment_id, is_cancelled, created_at) VALUES (593, 1, 2, 'VIP', 'UZ', '127.0.0.1', NULL, NULL, 0, '2026-03-17 15:46:35.458411');
INSERT INTO votes (id, user_id, blogger_id, vote_type, country, ip_address, device_id, payment_id, is_cancelled, created_at) VALUES (594, 1, 2, 'VIP', 'UZ', '127.0.0.1', NULL, NULL, 0, '2026-03-17 15:46:35.475896');
INSERT INTO votes (id, user_id, blogger_id, vote_type, country, ip_address, device_id, payment_id, is_cancelled, created_at) VALUES (595, 1, 2, 'VIP', 'UZ', '127.0.0.1', NULL, NULL, 0, '2026-03-17 15:46:35.497524');
INSERT INTO votes (id, user_id, blogger_id, vote_type, country, ip_address, device_id, payment_id, is_cancelled, created_at) VALUES (596, 1, 2, 'VIP', 'UZ', '127.0.0.1', NULL, NULL, 0, '2026-03-17 15:46:35.516742');
INSERT INTO votes (id, user_id, blogger_id, vote_type, country, ip_address, device_id, payment_id, is_cancelled, created_at) VALUES (597, 1, 2, 'VIP', 'UZ', '127.0.0.1', NULL, NULL, 0, '2026-03-17 15:46:35.536918');
INSERT INTO votes (id, user_id, blogger_id, vote_type, country, ip_address, device_id, payment_id, is_cancelled, created_at) VALUES (598, 1, 2, 'VIP', 'UZ', '127.0.0.1', NULL, NULL, 0, '2026-03-17 15:46:35.552041');
INSERT INTO votes (id, user_id, blogger_id, vote_type, country, ip_address, device_id, payment_id, is_cancelled, created_at) VALUES (599, 1, 2, 'VIP', 'UZ', '127.0.0.1', NULL, NULL, 0, '2026-03-17 15:46:35.570868');
INSERT INTO votes (id, user_id, blogger_id, vote_type, country, ip_address, device_id, payment_id, is_cancelled, created_at) VALUES (600, 1, 2, 'VIP', 'UZ', '127.0.0.1', NULL, NULL, 0, '2026-03-17 15:46:35.590633');
INSERT INTO votes (id, user_id, blogger_id, vote_type, country, ip_address, device_id, payment_id, is_cancelled, created_at) VALUES (601, 1, 2, 'VIP', 'UZ', '127.0.0.1', NULL, NULL, 0, '2026-03-17 15:46:35.610288');
INSERT INTO votes (id, user_id, blogger_id, vote_type, country, ip_address, device_id, payment_id, is_cancelled, created_at) VALUES (602, 1, 2, 'VIP', 'UZ', '127.0.0.1', NULL, NULL, 0, '2026-03-17 15:46:35.631225');
INSERT INTO votes (id, user_id, blogger_id, vote_type, country, ip_address, device_id, payment_id, is_cancelled, created_at) VALUES (603, 1, 2, 'VIP', 'UZ', '127.0.0.1', NULL, NULL, 0, '2026-03-17 15:46:35.650220');
INSERT INTO votes (id, user_id, blogger_id, vote_type, country, ip_address, device_id, payment_id, is_cancelled, created_at) VALUES (604, 1, 2, 'VIP', 'UZ', '127.0.0.1', NULL, NULL, 0, '2026-03-17 15:46:35.673620');
INSERT INTO votes (id, user_id, blogger_id, vote_type, country, ip_address, device_id, payment_id, is_cancelled, created_at) VALUES (605, 1, 2, 'VIP', 'UZ', '127.0.0.1', NULL, NULL, 0, '2026-03-17 15:46:35.703312');
INSERT INTO votes (id, user_id, blogger_id, vote_type, country, ip_address, device_id, payment_id, is_cancelled, created_at) VALUES (606, 1, 2, 'VIP', 'UZ', '127.0.0.1', NULL, NULL, 0, '2026-03-17 15:46:35.725036');
INSERT INTO votes (id, user_id, blogger_id, vote_type, country, ip_address, device_id, payment_id, is_cancelled, created_at) VALUES (607, 1, 2, 'VIP', 'UZ', '127.0.0.1', NULL, NULL, 0, '2026-03-17 15:46:35.764010');
INSERT INTO votes (id, user_id, blogger_id, vote_type, country, ip_address, device_id, payment_id, is_cancelled, created_at) VALUES (608, 1, 2, 'VIP', 'UZ', '127.0.0.1', NULL, NULL, 0, '2026-03-17 15:46:35.796456');
INSERT INTO votes (id, user_id, blogger_id, vote_type, country, ip_address, device_id, payment_id, is_cancelled, created_at) VALUES (609, 1, 2, 'VIP', 'UZ', '127.0.0.1', NULL, NULL, 0, '2026-03-17 15:46:35.818800');
INSERT INTO votes (id, user_id, blogger_id, vote_type, country, ip_address, device_id, payment_id, is_cancelled, created_at) VALUES (610, 1, 2, 'VIP', 'UZ', '127.0.0.1', NULL, NULL, 0, '2026-03-17 15:46:35.844411');
INSERT INTO votes (id, user_id, blogger_id, vote_type, country, ip_address, device_id, payment_id, is_cancelled, created_at) VALUES (611, 1, 2, 'VIP', 'UZ', '127.0.0.1', NULL, NULL, 0, '2026-03-17 15:48:13.293029');
INSERT INTO votes (id, user_id, blogger_id, vote_type, country, ip_address, device_id, payment_id, is_cancelled, created_at) VALUES (612, 1, 2, 'VIP', 'UZ', '127.0.0.1', NULL, NULL, 0, '2026-03-17 15:48:13.323129');
INSERT INTO votes (id, user_id, blogger_id, vote_type, country, ip_address, device_id, payment_id, is_cancelled, created_at) VALUES (613, 1, 2, 'VIP', 'UZ', '127.0.0.1', NULL, NULL, 0, '2026-03-17 15:48:13.361892');
INSERT INTO votes (id, user_id, blogger_id, vote_type, country, ip_address, device_id, payment_id, is_cancelled, created_at) VALUES (614, 1, 2, 'VIP', 'UZ', '127.0.0.1', NULL, NULL, 0, '2026-03-17 15:48:13.390240');
INSERT INTO votes (id, user_id, blogger_id, vote_type, country, ip_address, device_id, payment_id, is_cancelled, created_at) VALUES (615, 1, 2, 'VIP', 'UZ', '127.0.0.1', NULL, NULL, 0, '2026-03-17 15:48:13.417545');
INSERT INTO votes (id, user_id, blogger_id, vote_type, country, ip_address, device_id, payment_id, is_cancelled, created_at) VALUES (616, 1, 2, 'VIP', 'UZ', '127.0.0.1', NULL, NULL, 0, '2026-03-17 15:48:13.453242');
INSERT INTO votes (id, user_id, blogger_id, vote_type, country, ip_address, device_id, payment_id, is_cancelled, created_at) VALUES (617, 1, 2, 'VIP', 'UZ', '127.0.0.1', NULL, NULL, 0, '2026-03-17 15:48:13.471257');
INSERT INTO votes (id, user_id, blogger_id, vote_type, country, ip_address, device_id, payment_id, is_cancelled, created_at) VALUES (618, 1, 2, 'VIP', 'UZ', '127.0.0.1', NULL, NULL, 0, '2026-03-17 15:48:13.489501');
INSERT INTO votes (id, user_id, blogger_id, vote_type, country, ip_address, device_id, payment_id, is_cancelled, created_at) VALUES (619, 1, 2, 'VIP', 'UZ', '127.0.0.1', NULL, NULL, 0, '2026-03-17 15:48:13.510985');
INSERT INTO votes (id, user_id, blogger_id, vote_type, country, ip_address, device_id, payment_id, is_cancelled, created_at) VALUES (620, 1, 2, 'VIP', 'UZ', '127.0.0.1', NULL, NULL, 0, '2026-03-17 15:48:13.527998');
INSERT INTO votes (id, user_id, blogger_id, vote_type, country, ip_address, device_id, payment_id, is_cancelled, created_at) VALUES (621, 1, 2, 'VIP', 'UZ', '127.0.0.1', NULL, NULL, 0, '2026-03-17 15:48:13.543675');
INSERT INTO votes (id, user_id, blogger_id, vote_type, country, ip_address, device_id, payment_id, is_cancelled, created_at) VALUES (622, 1, 2, 'VIP', 'UZ', '127.0.0.1', NULL, NULL, 0, '2026-03-17 15:48:13.559016');
INSERT INTO votes (id, user_id, blogger_id, vote_type, country, ip_address, device_id, payment_id, is_cancelled, created_at) VALUES (623, 1, 2, 'VIP', 'UZ', '127.0.0.1', NULL, NULL, 0, '2026-03-17 15:48:13.575102');
INSERT INTO votes (id, user_id, blogger_id, vote_type, country, ip_address, device_id, payment_id, is_cancelled, created_at) VALUES (624, 1, 2, 'VIP', 'UZ', '127.0.0.1', NULL, NULL, 0, '2026-03-17 15:48:13.591100');
INSERT INTO votes (id, user_id, blogger_id, vote_type, country, ip_address, device_id, payment_id, is_cancelled, created_at) VALUES (625, 1, 2, 'VIP', 'UZ', '127.0.0.1', NULL, NULL, 0, '2026-03-17 15:48:13.609856');
INSERT INTO votes (id, user_id, blogger_id, vote_type, country, ip_address, device_id, payment_id, is_cancelled, created_at) VALUES (626, 1, 2, 'VIP', 'UZ', '127.0.0.1', NULL, NULL, 0, '2026-03-17 15:48:13.626336');
INSERT INTO votes (id, user_id, blogger_id, vote_type, country, ip_address, device_id, payment_id, is_cancelled, created_at) VALUES (627, 1, 2, 'VIP', 'UZ', '127.0.0.1', NULL, NULL, 0, '2026-03-17 15:48:13.644395');
INSERT INTO votes (id, user_id, blogger_id, vote_type, country, ip_address, device_id, payment_id, is_cancelled, created_at) VALUES (628, 1, 2, 'VIP', 'UZ', '127.0.0.1', NULL, NULL, 0, '2026-03-17 15:48:13.678214');
INSERT INTO votes (id, user_id, blogger_id, vote_type, country, ip_address, device_id, payment_id, is_cancelled, created_at) VALUES (629, 1, 2, 'VIP', 'UZ', '127.0.0.1', NULL, NULL, 0, '2026-03-17 15:48:13.710428');
INSERT INTO votes (id, user_id, blogger_id, vote_type, country, ip_address, device_id, payment_id, is_cancelled, created_at) VALUES (630, 1, 2, 'VIP', 'UZ', '127.0.0.1', NULL, NULL, 0, '2026-03-17 15:48:13.735603');
INSERT INTO votes (id, user_id, blogger_id, vote_type, country, ip_address, device_id, payment_id, is_cancelled, created_at) VALUES (631, 1, 2, 'VIP', 'UZ', '127.0.0.1', NULL, NULL, 0, '2026-03-17 15:48:13.773273');
INSERT INTO votes (id, user_id, blogger_id, vote_type, country, ip_address, device_id, payment_id, is_cancelled, created_at) VALUES (632, 1, 2, 'VIP', 'UZ', '127.0.0.1', NULL, NULL, 0, '2026-03-17 15:48:13.794320');
INSERT INTO votes (id, user_id, blogger_id, vote_type, country, ip_address, device_id, payment_id, is_cancelled, created_at) VALUES (633, 1, 2, 'VIP', 'UZ', '127.0.0.1', NULL, NULL, 0, '2026-03-17 15:48:13.814993');
INSERT INTO votes (id, user_id, blogger_id, vote_type, country, ip_address, device_id, payment_id, is_cancelled, created_at) VALUES (634, 1, 2, 'VIP', 'UZ', '127.0.0.1', NULL, NULL, 0, '2026-03-17 15:48:13.836347');
INSERT INTO votes (id, user_id, blogger_id, vote_type, country, ip_address, device_id, payment_id, is_cancelled, created_at) VALUES (635, 1, 2, 'VIP', 'UZ', '127.0.0.1', NULL, NULL, 0, '2026-03-17 15:48:13.859127');
INSERT INTO votes (id, user_id, blogger_id, vote_type, country, ip_address, device_id, payment_id, is_cancelled, created_at) VALUES (636, 1, 2, 'VIP', 'UZ', '127.0.0.1', NULL, NULL, 0, '2026-03-17 15:48:13.879216');
INSERT INTO votes (id, user_id, blogger_id, vote_type, country, ip_address, device_id, payment_id, is_cancelled, created_at) VALUES (637, 1, 2, 'VIP', 'UZ', '127.0.0.1', NULL, NULL, 0, '2026-03-17 15:48:13.911312');
INSERT INTO votes (id, user_id, blogger_id, vote_type, country, ip_address, device_id, payment_id, is_cancelled, created_at) VALUES (638, 1, 2, 'VIP', 'UZ', '127.0.0.1', NULL, NULL, 0, '2026-03-17 15:48:13.931047');
INSERT INTO votes (id, user_id, blogger_id, vote_type, country, ip_address, device_id, payment_id, is_cancelled, created_at) VALUES (639, 1, 2, 'VIP', 'UZ', '127.0.0.1', NULL, NULL, 0, '2026-03-17 15:48:13.951611');
INSERT INTO votes (id, user_id, blogger_id, vote_type, country, ip_address, device_id, payment_id, is_cancelled, created_at) VALUES (640, 1, 2, 'VIP', 'UZ', '127.0.0.1', NULL, NULL, 0, '2026-03-17 15:48:13.971293');
INSERT INTO votes (id, user_id, blogger_id, vote_type, country, ip_address, device_id, payment_id, is_cancelled, created_at) VALUES (641, 1, 2, 'VIP', 'UZ', '127.0.0.1', NULL, NULL, 0, '2026-03-17 15:48:13.991388');
INSERT INTO votes (id, user_id, blogger_id, vote_type, country, ip_address, device_id, payment_id, is_cancelled, created_at) VALUES (642, 1, 2, 'VIP', 'UZ', '127.0.0.1', NULL, NULL, 0, '2026-03-17 15:48:14.007217');
INSERT INTO votes (id, user_id, blogger_id, vote_type, country, ip_address, device_id, payment_id, is_cancelled, created_at) VALUES (643, 1, 2, 'VIP', 'UZ', '127.0.0.1', NULL, NULL, 0, '2026-03-17 15:48:14.030358');
INSERT INTO votes (id, user_id, blogger_id, vote_type, country, ip_address, device_id, payment_id, is_cancelled, created_at) VALUES (644, 1, 2, 'VIP', 'UZ', '127.0.0.1', NULL, NULL, 0, '2026-03-17 15:48:14.059636');
INSERT INTO votes (id, user_id, blogger_id, vote_type, country, ip_address, device_id, payment_id, is_cancelled, created_at) VALUES (645, 1, 2, 'VIP', 'UZ', '127.0.0.1', NULL, NULL, 0, '2026-03-17 15:48:14.093466');
INSERT INTO votes (id, user_id, blogger_id, vote_type, country, ip_address, device_id, payment_id, is_cancelled, created_at) VALUES (646, 1, 2, 'VIP', 'UZ', '127.0.0.1', NULL, NULL, 0, '2026-03-17 15:48:14.113423');
INSERT INTO votes (id, user_id, blogger_id, vote_type, country, ip_address, device_id, payment_id, is_cancelled, created_at) VALUES (647, 1, 2, 'VIP', 'UZ', '127.0.0.1', NULL, NULL, 0, '2026-03-17 15:48:14.135385');
INSERT INTO votes (id, user_id, blogger_id, vote_type, country, ip_address, device_id, payment_id, is_cancelled, created_at) VALUES (648, 1, 2, 'VIP', 'UZ', '127.0.0.1', NULL, NULL, 0, '2026-03-17 15:48:14.151163');
INSERT INTO votes (id, user_id, blogger_id, vote_type, country, ip_address, device_id, payment_id, is_cancelled, created_at) VALUES (649, 1, 2, 'VIP', 'UZ', '127.0.0.1', NULL, NULL, 0, '2026-03-17 15:48:14.168416');
INSERT INTO votes (id, user_id, blogger_id, vote_type, country, ip_address, device_id, payment_id, is_cancelled, created_at) VALUES (650, 1, 2, 'VIP', 'UZ', '127.0.0.1', NULL, NULL, 0, '2026-03-17 15:48:14.185486');
INSERT INTO votes (id, user_id, blogger_id, vote_type, country, ip_address, device_id, payment_id, is_cancelled, created_at) VALUES (651, 1, 2, 'VIP', 'UZ', '127.0.0.1', NULL, NULL, 0, '2026-03-17 15:48:14.200892');
INSERT INTO votes (id, user_id, blogger_id, vote_type, country, ip_address, device_id, payment_id, is_cancelled, created_at) VALUES (652, 1, 2, 'VIP', 'UZ', '127.0.0.1', NULL, NULL, 0, '2026-03-17 15:48:14.221128');
INSERT INTO votes (id, user_id, blogger_id, vote_type, country, ip_address, device_id, payment_id, is_cancelled, created_at) VALUES (653, 1, 2, 'VIP', 'UZ', '127.0.0.1', NULL, NULL, 0, '2026-03-17 15:48:14.246926');
INSERT INTO votes (id, user_id, blogger_id, vote_type, country, ip_address, device_id, payment_id, is_cancelled, created_at) VALUES (654, 1, 2, 'VIP', 'UZ', '127.0.0.1', NULL, NULL, 0, '2026-03-17 15:48:14.265266');
INSERT INTO votes (id, user_id, blogger_id, vote_type, country, ip_address, device_id, payment_id, is_cancelled, created_at) VALUES (655, 1, 2, 'VIP', 'UZ', '127.0.0.1', NULL, NULL, 0, '2026-03-17 15:48:14.283936');
INSERT INTO votes (id, user_id, blogger_id, vote_type, country, ip_address, device_id, payment_id, is_cancelled, created_at) VALUES (656, 1, 2, 'VIP', 'UZ', '127.0.0.1', NULL, NULL, 0, '2026-03-17 15:48:14.297390');
INSERT INTO votes (id, user_id, blogger_id, vote_type, country, ip_address, device_id, payment_id, is_cancelled, created_at) VALUES (657, 1, 2, 'VIP', 'UZ', '127.0.0.1', NULL, NULL, 0, '2026-03-17 15:48:14.318207');
INSERT INTO votes (id, user_id, blogger_id, vote_type, country, ip_address, device_id, payment_id, is_cancelled, created_at) VALUES (658, 1, 2, 'VIP', 'UZ', '127.0.0.1', NULL, NULL, 0, '2026-03-17 15:48:14.337587');
INSERT INTO votes (id, user_id, blogger_id, vote_type, country, ip_address, device_id, payment_id, is_cancelled, created_at) VALUES (659, 1, 2, 'VIP', 'UZ', '127.0.0.1', NULL, NULL, 0, '2026-03-17 15:48:14.355191');
INSERT INTO votes (id, user_id, blogger_id, vote_type, country, ip_address, device_id, payment_id, is_cancelled, created_at) VALUES (660, 1, 2, 'VIP', 'UZ', '127.0.0.1', NULL, NULL, 0, '2026-03-17 15:48:14.372624');
INSERT INTO votes (id, user_id, blogger_id, vote_type, country, ip_address, device_id, payment_id, is_cancelled, created_at) VALUES (661, 1, 1, 'FREE', 'UZ', '127.0.0.1', NULL, NULL, 0, '2026-03-17 15:54:58.380823');
INSERT INTO votes (id, user_id, blogger_id, vote_type, country, ip_address, device_id, payment_id, is_cancelled, created_at) VALUES (662, 1, 1, 'VIP', 'UZ', '127.0.0.1', NULL, NULL, 0, '2026-03-17 15:55:10.243688');
INSERT INTO votes (id, user_id, blogger_id, vote_type, country, ip_address, device_id, payment_id, is_cancelled, created_at) VALUES (663, 1, 1, 'VIP', 'UZ', '127.0.0.1', NULL, NULL, 0, '2026-03-17 15:55:10.271306');
INSERT INTO votes (id, user_id, blogger_id, vote_type, country, ip_address, device_id, payment_id, is_cancelled, created_at) VALUES (664, 1, 1, 'VIP', 'UZ', '127.0.0.1', NULL, NULL, 0, '2026-03-17 15:55:10.319811');
INSERT INTO votes (id, user_id, blogger_id, vote_type, country, ip_address, device_id, payment_id, is_cancelled, created_at) VALUES (665, 1, 1, 'VIP', 'UZ', '127.0.0.1', NULL, NULL, 0, '2026-03-17 15:55:10.346122');
INSERT INTO votes (id, user_id, blogger_id, vote_type, country, ip_address, device_id, payment_id, is_cancelled, created_at) VALUES (666, 1, 1, 'VIP', 'UZ', '127.0.0.1', NULL, NULL, 0, '2026-03-17 15:55:10.381988');
INSERT INTO votes (id, user_id, blogger_id, vote_type, country, ip_address, device_id, payment_id, is_cancelled, created_at) VALUES (667, 1, 1, 'VIP', 'UZ', '127.0.0.1', NULL, NULL, 0, '2026-03-17 15:55:10.405600');
INSERT INTO votes (id, user_id, blogger_id, vote_type, country, ip_address, device_id, payment_id, is_cancelled, created_at) VALUES (668, 1, 1, 'VIP', 'UZ', '127.0.0.1', NULL, NULL, 0, '2026-03-17 15:55:10.430663');
INSERT INTO votes (id, user_id, blogger_id, vote_type, country, ip_address, device_id, payment_id, is_cancelled, created_at) VALUES (669, 1, 1, 'VIP', 'UZ', '127.0.0.1', NULL, NULL, 0, '2026-03-17 15:55:10.447490');
INSERT INTO votes (id, user_id, blogger_id, vote_type, country, ip_address, device_id, payment_id, is_cancelled, created_at) VALUES (670, 1, 1, 'VIP', 'UZ', '127.0.0.1', NULL, NULL, 0, '2026-03-17 15:55:10.465030');
INSERT INTO votes (id, user_id, blogger_id, vote_type, country, ip_address, device_id, payment_id, is_cancelled, created_at) VALUES (671, 1, 1, 'VIP', 'UZ', '127.0.0.1', NULL, NULL, 0, '2026-03-17 15:55:10.482078');
INSERT INTO votes (id, user_id, blogger_id, vote_type, country, ip_address, device_id, payment_id, is_cancelled, created_at) VALUES (672, 1, 1, 'VIP', 'UZ', '127.0.0.1', NULL, NULL, 0, '2026-03-17 15:55:10.511089');
INSERT INTO votes (id, user_id, blogger_id, vote_type, country, ip_address, device_id, payment_id, is_cancelled, created_at) VALUES (673, 1, 1, 'VIP', 'UZ', '127.0.0.1', NULL, NULL, 0, '2026-03-17 15:55:10.527011');
INSERT INTO votes (id, user_id, blogger_id, vote_type, country, ip_address, device_id, payment_id, is_cancelled, created_at) VALUES (674, 1, 1, 'VIP', 'UZ', '127.0.0.1', NULL, NULL, 0, '2026-03-17 15:55:10.542486');
INSERT INTO votes (id, user_id, blogger_id, vote_type, country, ip_address, device_id, payment_id, is_cancelled, created_at) VALUES (675, 1, 1, 'VIP', 'UZ', '127.0.0.1', NULL, NULL, 0, '2026-03-17 15:55:10.571558');
INSERT INTO votes (id, user_id, blogger_id, vote_type, country, ip_address, device_id, payment_id, is_cancelled, created_at) VALUES (676, 1, 1, 'VIP', 'UZ', '127.0.0.1', NULL, NULL, 0, '2026-03-17 15:55:10.606257');
INSERT INTO votes (id, user_id, blogger_id, vote_type, country, ip_address, device_id, payment_id, is_cancelled, created_at) VALUES (677, 1, 1, 'VIP', 'UZ', '127.0.0.1', NULL, NULL, 0, '2026-03-17 15:55:10.651892');
INSERT INTO votes (id, user_id, blogger_id, vote_type, country, ip_address, device_id, payment_id, is_cancelled, created_at) VALUES (678, 1, 1, 'VIP', 'UZ', '127.0.0.1', NULL, NULL, 0, '2026-03-17 15:55:10.682329');
INSERT INTO votes (id, user_id, blogger_id, vote_type, country, ip_address, device_id, payment_id, is_cancelled, created_at) VALUES (679, 1, 1, 'VIP', 'UZ', '127.0.0.1', NULL, NULL, 0, '2026-03-17 15:55:10.707660');
INSERT INTO votes (id, user_id, blogger_id, vote_type, country, ip_address, device_id, payment_id, is_cancelled, created_at) VALUES (680, 1, 1, 'VIP', 'UZ', '127.0.0.1', NULL, NULL, 0, '2026-03-17 15:55:10.743622');
INSERT INTO votes (id, user_id, blogger_id, vote_type, country, ip_address, device_id, payment_id, is_cancelled, created_at) VALUES (681, 1, 1, 'VIP', 'UZ', '127.0.0.1', NULL, NULL, 0, '2026-03-17 15:55:10.773047');
INSERT INTO votes (id, user_id, blogger_id, vote_type, country, ip_address, device_id, payment_id, is_cancelled, created_at) VALUES (682, 1, 1, 'VIP', 'UZ', '127.0.0.1', NULL, NULL, 0, '2026-03-17 15:55:10.791971');
INSERT INTO votes (id, user_id, blogger_id, vote_type, country, ip_address, device_id, payment_id, is_cancelled, created_at) VALUES (683, 1, 1, 'VIP', 'UZ', '127.0.0.1', NULL, NULL, 0, '2026-03-17 15:55:10.814985');
INSERT INTO votes (id, user_id, blogger_id, vote_type, country, ip_address, device_id, payment_id, is_cancelled, created_at) VALUES (684, 1, 1, 'VIP', 'UZ', '127.0.0.1', NULL, NULL, 0, '2026-03-17 15:55:10.833087');
INSERT INTO votes (id, user_id, blogger_id, vote_type, country, ip_address, device_id, payment_id, is_cancelled, created_at) VALUES (685, 1, 1, 'VIP', 'UZ', '127.0.0.1', NULL, NULL, 0, '2026-03-17 15:55:10.850861');
INSERT INTO votes (id, user_id, blogger_id, vote_type, country, ip_address, device_id, payment_id, is_cancelled, created_at) VALUES (686, 1, 1, 'VIP', 'UZ', '127.0.0.1', NULL, NULL, 0, '2026-03-17 15:55:10.876196');
INSERT INTO votes (id, user_id, blogger_id, vote_type, country, ip_address, device_id, payment_id, is_cancelled, created_at) VALUES (687, 1, 1, 'VIP', 'UZ', '127.0.0.1', NULL, NULL, 0, '2026-03-17 15:55:10.898355');
INSERT INTO votes (id, user_id, blogger_id, vote_type, country, ip_address, device_id, payment_id, is_cancelled, created_at) VALUES (688, 1, 1, 'VIP', 'UZ', '127.0.0.1', NULL, NULL, 0, '2026-03-17 15:55:10.938135');
INSERT INTO votes (id, user_id, blogger_id, vote_type, country, ip_address, device_id, payment_id, is_cancelled, created_at) VALUES (689, 1, 1, 'VIP', 'UZ', '127.0.0.1', NULL, NULL, 0, '2026-03-17 15:55:10.955624');
INSERT INTO votes (id, user_id, blogger_id, vote_type, country, ip_address, device_id, payment_id, is_cancelled, created_at) VALUES (690, 1, 1, 'VIP', 'UZ', '127.0.0.1', NULL, NULL, 0, '2026-03-17 15:55:10.977296');
INSERT INTO votes (id, user_id, blogger_id, vote_type, country, ip_address, device_id, payment_id, is_cancelled, created_at) VALUES (691, 1, 1, 'VIP', 'UZ', '127.0.0.1', NULL, NULL, 0, '2026-03-17 15:55:10.995591');
INSERT INTO votes (id, user_id, blogger_id, vote_type, country, ip_address, device_id, payment_id, is_cancelled, created_at) VALUES (692, 1, 1, 'VIP', 'UZ', '127.0.0.1', NULL, NULL, 0, '2026-03-17 15:55:11.030263');
INSERT INTO votes (id, user_id, blogger_id, vote_type, country, ip_address, device_id, payment_id, is_cancelled, created_at) VALUES (693, 1, 1, 'VIP', 'UZ', '127.0.0.1', NULL, NULL, 0, '2026-03-17 15:55:11.057347');
INSERT INTO votes (id, user_id, blogger_id, vote_type, country, ip_address, device_id, payment_id, is_cancelled, created_at) VALUES (694, 1, 1, 'VIP', 'UZ', '127.0.0.1', NULL, NULL, 0, '2026-03-17 15:55:11.091553');
INSERT INTO votes (id, user_id, blogger_id, vote_type, country, ip_address, device_id, payment_id, is_cancelled, created_at) VALUES (695, 1, 1, 'VIP', 'UZ', '127.0.0.1', NULL, NULL, 0, '2026-03-17 15:55:11.122602');
INSERT INTO votes (id, user_id, blogger_id, vote_type, country, ip_address, device_id, payment_id, is_cancelled, created_at) VALUES (696, 1, 1, 'VIP', 'UZ', '127.0.0.1', NULL, NULL, 0, '2026-03-17 15:55:11.146403');
INSERT INTO votes (id, user_id, blogger_id, vote_type, country, ip_address, device_id, payment_id, is_cancelled, created_at) VALUES (697, 1, 1, 'VIP', 'UZ', '127.0.0.1', NULL, NULL, 0, '2026-03-17 15:55:11.181380');
INSERT INTO votes (id, user_id, blogger_id, vote_type, country, ip_address, device_id, payment_id, is_cancelled, created_at) VALUES (698, 1, 1, 'VIP', 'UZ', '127.0.0.1', NULL, NULL, 0, '2026-03-17 15:55:11.212184');
INSERT INTO votes (id, user_id, blogger_id, vote_type, country, ip_address, device_id, payment_id, is_cancelled, created_at) VALUES (699, 1, 1, 'VIP', 'UZ', '127.0.0.1', NULL, NULL, 0, '2026-03-17 15:55:11.231924');
INSERT INTO votes (id, user_id, blogger_id, vote_type, country, ip_address, device_id, payment_id, is_cancelled, created_at) VALUES (700, 1, 1, 'VIP', 'UZ', '127.0.0.1', NULL, NULL, 0, '2026-03-17 15:55:11.270439');
INSERT INTO votes (id, user_id, blogger_id, vote_type, country, ip_address, device_id, payment_id, is_cancelled, created_at) VALUES (701, 1, 1, 'VIP', 'UZ', '127.0.0.1', NULL, NULL, 0, '2026-03-17 15:55:11.285565');
INSERT INTO votes (id, user_id, blogger_id, vote_type, country, ip_address, device_id, payment_id, is_cancelled, created_at) VALUES (702, 1, 1, 'VIP', 'UZ', '127.0.0.1', NULL, NULL, 0, '2026-03-17 15:55:11.302143');
INSERT INTO votes (id, user_id, blogger_id, vote_type, country, ip_address, device_id, payment_id, is_cancelled, created_at) VALUES (703, 1, 1, 'VIP', 'UZ', '127.0.0.1', NULL, NULL, 0, '2026-03-17 15:55:11.317944');
INSERT INTO votes (id, user_id, blogger_id, vote_type, country, ip_address, device_id, payment_id, is_cancelled, created_at) VALUES (704, 1, 1, 'VIP', 'UZ', '127.0.0.1', NULL, NULL, 0, '2026-03-17 15:55:11.334162');
INSERT INTO votes (id, user_id, blogger_id, vote_type, country, ip_address, device_id, payment_id, is_cancelled, created_at) VALUES (705, 1, 1, 'VIP', 'UZ', '127.0.0.1', NULL, NULL, 0, '2026-03-17 15:55:11.352458');
INSERT INTO votes (id, user_id, blogger_id, vote_type, country, ip_address, device_id, payment_id, is_cancelled, created_at) VALUES (706, 1, 1, 'VIP', 'UZ', '127.0.0.1', NULL, NULL, 0, '2026-03-17 15:55:11.378747');
INSERT INTO votes (id, user_id, blogger_id, vote_type, country, ip_address, device_id, payment_id, is_cancelled, created_at) VALUES (707, 1, 1, 'VIP', 'UZ', '127.0.0.1', NULL, NULL, 0, '2026-03-17 15:55:11.409939');
INSERT INTO votes (id, user_id, blogger_id, vote_type, country, ip_address, device_id, payment_id, is_cancelled, created_at) VALUES (708, 1, 1, 'VIP', 'UZ', '127.0.0.1', NULL, NULL, 0, '2026-03-17 15:55:11.455081');
INSERT INTO votes (id, user_id, blogger_id, vote_type, country, ip_address, device_id, payment_id, is_cancelled, created_at) VALUES (709, 1, 1, 'VIP', 'UZ', '127.0.0.1', NULL, NULL, 0, '2026-03-17 15:55:11.474912');
INSERT INTO votes (id, user_id, blogger_id, vote_type, country, ip_address, device_id, payment_id, is_cancelled, created_at) VALUES (710, 1, 1, 'VIP', 'UZ', '127.0.0.1', NULL, NULL, 0, '2026-03-17 15:55:11.494932');
INSERT INTO votes (id, user_id, blogger_id, vote_type, country, ip_address, device_id, payment_id, is_cancelled, created_at) VALUES (711, 1, 1, 'VIP', 'UZ', '127.0.0.1', NULL, NULL, 0, '2026-03-17 15:55:11.512322');
INSERT INTO votes (id, user_id, blogger_id, vote_type, country, ip_address, device_id, payment_id, is_cancelled, created_at) VALUES (712, 1, 7, 'VIP', 'UZ', '127.0.0.1', NULL, NULL, 0, '2026-03-17 16:04:33.726958');
INSERT INTO votes (id, user_id, blogger_id, vote_type, country, ip_address, device_id, payment_id, is_cancelled, created_at) VALUES (713, 1, 7, 'VIP', 'UZ', '127.0.0.1', NULL, NULL, 0, '2026-03-17 16:04:33.766355');
INSERT INTO votes (id, user_id, blogger_id, vote_type, country, ip_address, device_id, payment_id, is_cancelled, created_at) VALUES (714, 1, 7, 'VIP', 'UZ', '127.0.0.1', NULL, NULL, 0, '2026-03-17 16:04:33.792665');
INSERT INTO votes (id, user_id, blogger_id, vote_type, country, ip_address, device_id, payment_id, is_cancelled, created_at) VALUES (715, 1, 7, 'VIP', 'UZ', '127.0.0.1', NULL, NULL, 0, '2026-03-17 16:04:33.812355');
INSERT INTO votes (id, user_id, blogger_id, vote_type, country, ip_address, device_id, payment_id, is_cancelled, created_at) VALUES (716, 1, 7, 'VIP', 'UZ', '127.0.0.1', NULL, NULL, 0, '2026-03-17 16:04:33.827838');
INSERT INTO votes (id, user_id, blogger_id, vote_type, country, ip_address, device_id, payment_id, is_cancelled, created_at) VALUES (717, 1, 7, 'VIP', 'UZ', '127.0.0.1', NULL, NULL, 0, '2026-03-17 16:04:55.339324');
INSERT INTO votes (id, user_id, blogger_id, vote_type, country, ip_address, device_id, payment_id, is_cancelled, created_at) VALUES (718, 1, 7, 'VIP', 'UZ', '127.0.0.1', NULL, NULL, 0, '2026-03-17 16:04:55.375767');
INSERT INTO votes (id, user_id, blogger_id, vote_type, country, ip_address, device_id, payment_id, is_cancelled, created_at) VALUES (719, 1, 7, 'VIP', 'UZ', '127.0.0.1', NULL, NULL, 0, '2026-03-17 16:04:55.417010');
INSERT INTO votes (id, user_id, blogger_id, vote_type, country, ip_address, device_id, payment_id, is_cancelled, created_at) VALUES (720, 1, 7, 'VIP', 'UZ', '127.0.0.1', NULL, NULL, 0, '2026-03-17 16:04:55.460502');
INSERT INTO votes (id, user_id, blogger_id, vote_type, country, ip_address, device_id, payment_id, is_cancelled, created_at) VALUES (721, 1, 7, 'VIP', 'UZ', '127.0.0.1', NULL, NULL, 0, '2026-03-17 16:04:55.488623');
INSERT INTO votes (id, user_id, blogger_id, vote_type, country, ip_address, device_id, payment_id, is_cancelled, created_at) VALUES (722, 1, 7, 'VIP', 'UZ', '127.0.0.1', NULL, NULL, 0, '2026-03-17 16:04:55.521275');
INSERT INTO votes (id, user_id, blogger_id, vote_type, country, ip_address, device_id, payment_id, is_cancelled, created_at) VALUES (723, 1, 7, 'VIP', 'UZ', '127.0.0.1', NULL, NULL, 0, '2026-03-17 16:04:55.557136');
INSERT INTO votes (id, user_id, blogger_id, vote_type, country, ip_address, device_id, payment_id, is_cancelled, created_at) VALUES (724, 1, 7, 'VIP', 'UZ', '127.0.0.1', NULL, NULL, 0, '2026-03-17 16:04:55.575821');
INSERT INTO votes (id, user_id, blogger_id, vote_type, country, ip_address, device_id, payment_id, is_cancelled, created_at) VALUES (725, 1, 7, 'VIP', 'UZ', '127.0.0.1', NULL, NULL, 0, '2026-03-17 16:04:55.593376');
INSERT INTO votes (id, user_id, blogger_id, vote_type, country, ip_address, device_id, payment_id, is_cancelled, created_at) VALUES (726, 1, 7, 'VIP', 'UZ', '127.0.0.1', NULL, NULL, 0, '2026-03-17 16:04:55.622858');
INSERT INTO votes (id, user_id, blogger_id, vote_type, country, ip_address, device_id, payment_id, is_cancelled, created_at) VALUES (727, 1, 7, 'VIP', 'UZ', '127.0.0.1', NULL, NULL, 0, '2026-03-17 16:04:55.652370');
INSERT INTO votes (id, user_id, blogger_id, vote_type, country, ip_address, device_id, payment_id, is_cancelled, created_at) VALUES (728, 1, 7, 'VIP', 'UZ', '127.0.0.1', NULL, NULL, 0, '2026-03-17 16:04:55.668714');
INSERT INTO votes (id, user_id, blogger_id, vote_type, country, ip_address, device_id, payment_id, is_cancelled, created_at) VALUES (729, 1, 7, 'VIP', 'UZ', '127.0.0.1', NULL, NULL, 0, '2026-03-17 16:04:55.685308');
INSERT INTO votes (id, user_id, blogger_id, vote_type, country, ip_address, device_id, payment_id, is_cancelled, created_at) VALUES (730, 1, 7, 'VIP', 'UZ', '127.0.0.1', NULL, NULL, 0, '2026-03-17 16:04:55.700129');
INSERT INTO votes (id, user_id, blogger_id, vote_type, country, ip_address, device_id, payment_id, is_cancelled, created_at) VALUES (731, 1, 7, 'VIP', 'UZ', '127.0.0.1', NULL, NULL, 0, '2026-03-17 16:04:55.714692');
INSERT INTO votes (id, user_id, blogger_id, vote_type, country, ip_address, device_id, payment_id, is_cancelled, created_at) VALUES (732, 1, 7, 'VIP', 'UZ', '127.0.0.1', NULL, NULL, 0, '2026-03-17 16:04:55.729551');
INSERT INTO votes (id, user_id, blogger_id, vote_type, country, ip_address, device_id, payment_id, is_cancelled, created_at) VALUES (733, 1, 7, 'VIP', 'UZ', '127.0.0.1', NULL, NULL, 0, '2026-03-17 16:04:55.748293');
INSERT INTO votes (id, user_id, blogger_id, vote_type, country, ip_address, device_id, payment_id, is_cancelled, created_at) VALUES (734, 1, 7, 'VIP', 'UZ', '127.0.0.1', NULL, NULL, 0, '2026-03-17 16:04:55.765715');
INSERT INTO votes (id, user_id, blogger_id, vote_type, country, ip_address, device_id, payment_id, is_cancelled, created_at) VALUES (735, 1, 7, 'VIP', 'UZ', '127.0.0.1', NULL, NULL, 0, '2026-03-17 16:04:55.782802');
INSERT INTO votes (id, user_id, blogger_id, vote_type, country, ip_address, device_id, payment_id, is_cancelled, created_at) VALUES (736, 1, 7, 'VIP', 'UZ', '127.0.0.1', NULL, NULL, 0, '2026-03-17 16:04:55.798628');
INSERT INTO votes (id, user_id, blogger_id, vote_type, country, ip_address, device_id, payment_id, is_cancelled, created_at) VALUES (737, 1, 7, 'VIP', 'UZ', '127.0.0.1', NULL, NULL, 0, '2026-03-17 16:04:55.816427');
INSERT INTO votes (id, user_id, blogger_id, vote_type, country, ip_address, device_id, payment_id, is_cancelled, created_at) VALUES (738, 1, 7, 'VIP', 'UZ', '127.0.0.1', NULL, NULL, 0, '2026-03-17 16:04:55.834346');
INSERT INTO votes (id, user_id, blogger_id, vote_type, country, ip_address, device_id, payment_id, is_cancelled, created_at) VALUES (739, 1, 7, 'VIP', 'UZ', '127.0.0.1', NULL, NULL, 0, '2026-03-17 16:04:55.866496');
INSERT INTO votes (id, user_id, blogger_id, vote_type, country, ip_address, device_id, payment_id, is_cancelled, created_at) VALUES (740, 1, 7, 'VIP', 'UZ', '127.0.0.1', NULL, NULL, 0, '2026-03-17 16:04:55.883414');
INSERT INTO votes (id, user_id, blogger_id, vote_type, country, ip_address, device_id, payment_id, is_cancelled, created_at) VALUES (741, 1, 7, 'VIP', 'UZ', '127.0.0.1', NULL, NULL, 0, '2026-03-17 16:04:55.901292');
INSERT INTO votes (id, user_id, blogger_id, vote_type, country, ip_address, device_id, payment_id, is_cancelled, created_at) VALUES (742, 1, 7, 'VIP', 'UZ', '127.0.0.1', NULL, NULL, 0, '2026-03-17 16:04:55.932861');
INSERT INTO votes (id, user_id, blogger_id, vote_type, country, ip_address, device_id, payment_id, is_cancelled, created_at) VALUES (743, 1, 7, 'VIP', 'UZ', '127.0.0.1', NULL, NULL, 0, '2026-03-17 16:04:55.951831');
INSERT INTO votes (id, user_id, blogger_id, vote_type, country, ip_address, device_id, payment_id, is_cancelled, created_at) VALUES (744, 1, 7, 'VIP', 'UZ', '127.0.0.1', NULL, NULL, 0, '2026-03-17 16:04:55.968866');
INSERT INTO votes (id, user_id, blogger_id, vote_type, country, ip_address, device_id, payment_id, is_cancelled, created_at) VALUES (745, 1, 7, 'VIP', 'UZ', '127.0.0.1', NULL, NULL, 0, '2026-03-17 16:04:55.986737');
INSERT INTO votes (id, user_id, blogger_id, vote_type, country, ip_address, device_id, payment_id, is_cancelled, created_at) VALUES (746, 1, 7, 'VIP', 'UZ', '127.0.0.1', NULL, NULL, 0, '2026-03-17 16:04:56.005913');
INSERT INTO votes (id, user_id, blogger_id, vote_type, country, ip_address, device_id, payment_id, is_cancelled, created_at) VALUES (747, 1, 7, 'VIP', 'UZ', '127.0.0.1', NULL, NULL, 0, '2026-03-17 16:04:56.026340');
INSERT INTO votes (id, user_id, blogger_id, vote_type, country, ip_address, device_id, payment_id, is_cancelled, created_at) VALUES (748, 1, 7, 'VIP', 'UZ', '127.0.0.1', NULL, NULL, 0, '2026-03-17 16:04:56.053284');
INSERT INTO votes (id, user_id, blogger_id, vote_type, country, ip_address, device_id, payment_id, is_cancelled, created_at) VALUES (749, 1, 7, 'VIP', 'UZ', '127.0.0.1', NULL, NULL, 0, '2026-03-17 16:04:56.070392');
INSERT INTO votes (id, user_id, blogger_id, vote_type, country, ip_address, device_id, payment_id, is_cancelled, created_at) VALUES (750, 1, 7, 'VIP', 'UZ', '127.0.0.1', NULL, NULL, 0, '2026-03-17 16:04:56.099136');
INSERT INTO votes (id, user_id, blogger_id, vote_type, country, ip_address, device_id, payment_id, is_cancelled, created_at) VALUES (751, 1, 7, 'VIP', 'UZ', '127.0.0.1', NULL, NULL, 0, '2026-03-17 16:04:56.115815');
INSERT INTO votes (id, user_id, blogger_id, vote_type, country, ip_address, device_id, payment_id, is_cancelled, created_at) VALUES (752, 1, 7, 'VIP', 'UZ', '127.0.0.1', NULL, NULL, 0, '2026-03-17 16:04:56.134290');
INSERT INTO votes (id, user_id, blogger_id, vote_type, country, ip_address, device_id, payment_id, is_cancelled, created_at) VALUES (753, 1, 7, 'VIP', 'UZ', '127.0.0.1', NULL, NULL, 0, '2026-03-17 16:04:56.150869');
INSERT INTO votes (id, user_id, blogger_id, vote_type, country, ip_address, device_id, payment_id, is_cancelled, created_at) VALUES (754, 1, 7, 'VIP', 'UZ', '127.0.0.1', NULL, NULL, 0, '2026-03-17 16:04:56.167699');
INSERT INTO votes (id, user_id, blogger_id, vote_type, country, ip_address, device_id, payment_id, is_cancelled, created_at) VALUES (755, 1, 7, 'VIP', 'UZ', '127.0.0.1', NULL, NULL, 0, '2026-03-17 16:04:56.184056');
INSERT INTO votes (id, user_id, blogger_id, vote_type, country, ip_address, device_id, payment_id, is_cancelled, created_at) VALUES (756, 1, 7, 'VIP', 'UZ', '127.0.0.1', NULL, NULL, 0, '2026-03-17 16:04:56.199972');
INSERT INTO votes (id, user_id, blogger_id, vote_type, country, ip_address, device_id, payment_id, is_cancelled, created_at) VALUES (757, 1, 7, 'VIP', 'UZ', '127.0.0.1', NULL, NULL, 0, '2026-03-17 16:04:56.220862');
INSERT INTO votes (id, user_id, blogger_id, vote_type, country, ip_address, device_id, payment_id, is_cancelled, created_at) VALUES (758, 1, 7, 'VIP', 'UZ', '127.0.0.1', NULL, NULL, 0, '2026-03-17 16:04:56.237702');
INSERT INTO votes (id, user_id, blogger_id, vote_type, country, ip_address, device_id, payment_id, is_cancelled, created_at) VALUES (759, 1, 7, 'VIP', 'UZ', '127.0.0.1', NULL, NULL, 0, '2026-03-17 16:04:56.253830');
INSERT INTO votes (id, user_id, blogger_id, vote_type, country, ip_address, device_id, payment_id, is_cancelled, created_at) VALUES (760, 1, 7, 'VIP', 'UZ', '127.0.0.1', NULL, NULL, 0, '2026-03-17 16:04:56.268813');
INSERT INTO votes (id, user_id, blogger_id, vote_type, country, ip_address, device_id, payment_id, is_cancelled, created_at) VALUES (761, 1, 7, 'VIP', 'UZ', '127.0.0.1', NULL, NULL, 0, '2026-03-17 16:04:56.284553');
INSERT INTO votes (id, user_id, blogger_id, vote_type, country, ip_address, device_id, payment_id, is_cancelled, created_at) VALUES (762, 1, 7, 'VIP', 'UZ', '127.0.0.1', NULL, NULL, 0, '2026-03-17 16:04:56.300057');
INSERT INTO votes (id, user_id, blogger_id, vote_type, country, ip_address, device_id, payment_id, is_cancelled, created_at) VALUES (763, 1, 7, 'VIP', 'UZ', '127.0.0.1', NULL, NULL, 0, '2026-03-17 16:04:56.315778');
INSERT INTO votes (id, user_id, blogger_id, vote_type, country, ip_address, device_id, payment_id, is_cancelled, created_at) VALUES (764, 1, 7, 'VIP', 'UZ', '127.0.0.1', NULL, NULL, 0, '2026-03-17 16:04:56.329164');
INSERT INTO votes (id, user_id, blogger_id, vote_type, country, ip_address, device_id, payment_id, is_cancelled, created_at) VALUES (765, 1, 7, 'VIP', 'UZ', '127.0.0.1', NULL, NULL, 0, '2026-03-17 16:04:56.345834');
INSERT INTO votes (id, user_id, blogger_id, vote_type, country, ip_address, device_id, payment_id, is_cancelled, created_at) VALUES (766, 1, 7, 'VIP', 'UZ', '127.0.0.1', NULL, NULL, 0, '2026-03-17 16:04:56.376736');
INSERT INTO votes (id, user_id, blogger_id, vote_type, country, ip_address, device_id, payment_id, is_cancelled, created_at) VALUES (767, 1, 1, 'VIP', 'UZ', '127.0.0.1', NULL, NULL, 0, '2026-03-24 13:59:24.754524');
INSERT INTO votes (id, user_id, blogger_id, vote_type, country, ip_address, device_id, payment_id, is_cancelled, created_at) VALUES (768, 1, 1, 'VIP', 'UZ', '127.0.0.1', NULL, NULL, 0, '2026-03-24 13:59:24.782632');
INSERT INTO votes (id, user_id, blogger_id, vote_type, country, ip_address, device_id, payment_id, is_cancelled, created_at) VALUES (769, 1, 1, 'VIP', 'UZ', '127.0.0.1', NULL, NULL, 0, '2026-03-24 13:59:24.807788');
INSERT INTO votes (id, user_id, blogger_id, vote_type, country, ip_address, device_id, payment_id, is_cancelled, created_at) VALUES (770, 1, 1, 'VIP', 'UZ', '127.0.0.1', NULL, NULL, 0, '2026-03-24 13:59:24.856587');
INSERT INTO votes (id, user_id, blogger_id, vote_type, country, ip_address, device_id, payment_id, is_cancelled, created_at) VALUES (771, 1, 1, 'VIP', 'UZ', '127.0.0.1', NULL, NULL, 0, '2026-03-24 13:59:24.882353');

INSERT INTO contest_settings (id, contest_active, start_date, end_date, daily_vote_limit, vip_vote_price, ip_limit, device_limit, rate_limit_per_minute, sms_enabled, sms_provider, bot_protection, updated_at) VALUES (1, 0, '2026-03-01T00:00:00', '2026-04-15T00:00:00', 1, 10000, 10, 3, 30, 1, 'eskiz', 1, '2026-03-30 06:17:49.038586');

INSERT INTO contest_sessions (id, title, start_date, end_date, status, created_at) VALUES (1, 'Тестовый Конкурс Март 2026', '2026-03-01 00:00:00.000000', '2026-03-30 06:17:49.014781', 'completed', '2026-03-30 06:17:49.016889');
INSERT INTO contest_sessions (id, title, start_date, end_date, status, created_at) VALUES (2, 'Зимний Кубок 2024', '2025-01-24 06:33:51.149422', '2025-02-23 06:33:51.149422', 'completed', '2025-02-23 06:33:51.149422');
INSERT INTO contest_sessions (id, title, start_date, end_date, status, created_at) VALUES (3, 'Премия Лето 2024', '2025-06-23 06:33:51.155754', '2025-07-23 06:33:51.155754', 'completed', '2025-07-23 06:33:51.155754');
INSERT INTO contest_sessions (id, title, start_date, end_date, status, created_at) VALUES (4, 'Итоги Года 2024', '2025-11-20 06:33:51.163238', '2025-12-20 06:33:51.163238', 'completed', '2025-12-20 06:33:51.163238');
INSERT INTO contest_sessions (id, title, start_date, end_date, status, created_at) VALUES (5, 'Январский Этап 2025', '2026-01-29 06:33:51.167848', '2026-02-28 06:33:51.167848', 'completed', '2026-02-28 06:33:51.167848');

INSERT INTO winners (id, session_id, blogger_id, category_id, total_votes, rank, created_at) VALUES (1, 1, 2, 1, 1000, 1, '2026-03-30 06:17:49.021176');
INSERT INTO winners (id, session_id, blogger_id, category_id, total_votes, rank, created_at) VALUES (2, 1, 7, 2, 1000, 1, '2026-03-30 06:17:49.024774');
INSERT INTO winners (id, session_id, blogger_id, category_id, total_votes, rank, created_at) VALUES (3, 1, 3, 3, 1000, 1, '2026-03-30 06:17:49.027577');
INSERT INTO winners (id, session_id, blogger_id, category_id, total_votes, rank, created_at) VALUES (4, 1, 15, 4, 1000, 1, '2026-03-30 06:17:49.029745');
INSERT INTO winners (id, session_id, blogger_id, category_id, total_votes, rank, created_at) VALUES (5, 1, 5, 5, 1000, 1, '2026-03-30 06:17:49.031762');
INSERT INTO winners (id, session_id, blogger_id, category_id, total_votes, rank, created_at) VALUES (6, 1, 4, 6, 1000, 1, '2026-03-30 06:17:49.033480');
INSERT INTO winners (id, session_id, blogger_id, category_id, total_votes, rank, created_at) VALUES (7, 1, 9, 7, 4987, 1, '2026-03-30 06:17:49.034889');
INSERT INTO winners (id, session_id, blogger_id, category_id, total_votes, rank, created_at) VALUES (8, 1, 8, 8, 1000, 1, '2026-03-30 06:17:49.036281');
INSERT INTO winners (id, session_id, blogger_id, category_id, total_votes, rank, created_at) VALUES (9, 2, 2, 1, 18410, 1, '2025-02-23 06:33:51.149422');
INSERT INTO winners (id, session_id, blogger_id, category_id, total_votes, rank, created_at) VALUES (10, 2, 1, 2, 22100, 1, '2025-02-23 06:33:51.149422');
INSERT INTO winners (id, session_id, blogger_id, category_id, total_votes, rank, created_at) VALUES (11, 2, 3, 3, 23858, 1, '2025-02-23 06:33:51.149422');
INSERT INTO winners (id, session_id, blogger_id, category_id, total_votes, rank, created_at) VALUES (12, 2, 15, 4, 10114, 1, '2025-02-23 06:33:51.149422');
INSERT INTO winners (id, session_id, blogger_id, category_id, total_votes, rank, created_at) VALUES (13, 2, 5, 5, 23535, 1, '2025-02-23 06:33:51.149422');
INSERT INTO winners (id, session_id, blogger_id, category_id, total_votes, rank, created_at) VALUES (14, 2, 4, 6, 14980, 1, '2025-02-23 06:33:51.149422');
INSERT INTO winners (id, session_id, blogger_id, category_id, total_votes, rank, created_at) VALUES (15, 2, 13, 7, 20065, 1, '2025-02-23 06:33:51.149422');
INSERT INTO winners (id, session_id, blogger_id, category_id, total_votes, rank, created_at) VALUES (16, 2, 8, 8, 10209, 1, '2025-02-23 06:33:51.149422');
INSERT INTO winners (id, session_id, blogger_id, category_id, total_votes, rank, created_at) VALUES (17, 3, 2, 1, 19935, 1, '2025-07-23 06:33:51.155754');
INSERT INTO winners (id, session_id, blogger_id, category_id, total_votes, rank, created_at) VALUES (18, 3, 1, 2, 6757, 1, '2025-07-23 06:33:51.155754');
INSERT INTO winners (id, session_id, blogger_id, category_id, total_votes, rank, created_at) VALUES (19, 3, 3, 3, 21854, 1, '2025-07-23 06:33:51.155754');
INSERT INTO winners (id, session_id, blogger_id, category_id, total_votes, rank, created_at) VALUES (20, 3, 6, 4, 5849, 1, '2025-07-23 06:33:51.155754');
INSERT INTO winners (id, session_id, blogger_id, category_id, total_votes, rank, created_at) VALUES (21, 3, 5, 5, 23935, 1, '2025-07-23 06:33:51.155754');
INSERT INTO winners (id, session_id, blogger_id, category_id, total_votes, rank, created_at) VALUES (22, 3, 4, 6, 24326, 1, '2025-07-23 06:33:51.155754');
INSERT INTO winners (id, session_id, blogger_id, category_id, total_votes, rank, created_at) VALUES (23, 3, 9, 7, 19937, 1, '2025-07-23 06:33:51.155754');
INSERT INTO winners (id, session_id, blogger_id, category_id, total_votes, rank, created_at) VALUES (24, 3, 8, 8, 22178, 1, '2025-07-23 06:33:51.155754');
INSERT INTO winners (id, session_id, blogger_id, category_id, total_votes, rank, created_at) VALUES (25, 4, 2, 1, 10903, 1, '2025-12-20 06:33:51.163238');
INSERT INTO winners (id, session_id, blogger_id, category_id, total_votes, rank, created_at) VALUES (26, 4, 7, 2, 10772, 1, '2025-12-20 06:33:51.163238');
INSERT INTO winners (id, session_id, blogger_id, category_id, total_votes, rank, created_at) VALUES (27, 4, 3, 3, 22539, 1, '2025-12-20 06:33:51.163238');
INSERT INTO winners (id, session_id, blogger_id, category_id, total_votes, rank, created_at) VALUES (28, 4, 15, 4, 22991, 1, '2025-12-20 06:33:51.163238');
INSERT INTO winners (id, session_id, blogger_id, category_id, total_votes, rank, created_at) VALUES (29, 4, 5, 5, 23622, 1, '2025-12-20 06:33:51.163238');
INSERT INTO winners (id, session_id, blogger_id, category_id, total_votes, rank, created_at) VALUES (30, 4, 4, 6, 9600, 1, '2025-12-20 06:33:51.163238');
INSERT INTO winners (id, session_id, blogger_id, category_id, total_votes, rank, created_at) VALUES (31, 4, 13, 7, 23791, 1, '2025-12-20 06:33:51.163238');
INSERT INTO winners (id, session_id, blogger_id, category_id, total_votes, rank, created_at) VALUES (32, 4, 8, 8, 10175, 1, '2025-12-20 06:33:51.163238');
INSERT INTO winners (id, session_id, blogger_id, category_id, total_votes, rank, created_at) VALUES (33, 5, 2, 1, 11670, 1, '2026-02-28 06:33:51.167848');
INSERT INTO winners (id, session_id, blogger_id, category_id, total_votes, rank, created_at) VALUES (34, 5, 1, 2, 22852, 1, '2026-02-28 06:33:51.167848');
INSERT INTO winners (id, session_id, blogger_id, category_id, total_votes, rank, created_at) VALUES (35, 5, 3, 3, 17489, 1, '2026-02-28 06:33:51.167848');
INSERT INTO winners (id, session_id, blogger_id, category_id, total_votes, rank, created_at) VALUES (36, 5, 15, 4, 16488, 1, '2026-02-28 06:33:51.167848');
INSERT INTO winners (id, session_id, blogger_id, category_id, total_votes, rank, created_at) VALUES (37, 5, 5, 5, 12502, 1, '2026-02-28 06:33:51.167848');
INSERT INTO winners (id, session_id, blogger_id, category_id, total_votes, rank, created_at) VALUES (38, 5, 4, 6, 10821, 1, '2026-02-28 06:33:51.167848');
INSERT INTO winners (id, session_id, blogger_id, category_id, total_votes, rank, created_at) VALUES (39, 5, 9, 7, 12148, 1, '2026-02-28 06:33:51.167848');
INSERT INTO winners (id, session_id, blogger_id, category_id, total_votes, rank, created_at) VALUES (40, 5, 8, 8, 22810, 1, '2026-02-28 06:33:51.167848');

COMMIT;
